text,rumorID,tweetID,POS,NER,Category
موسى مرزوق الحمساوى يهنئ طالبان بفوزه بأفغانستان ويعتبر مندوب لملالي إيران  الصورة إجتماع الأرهابيين وفد طالبان هنية ليلة الأمس  تم كشك قطر ممول الارهاب حفظاللهمصر,AuFIN_001,1427297428890398725,"['موسى_X', 'مرزوق_X', 'الحمساوى_X', 'يهنئ_VERB', 'طالبان_NOUN', 'ب_ADP', 'فوز_NOUN', 'ه_PRON', 'ب_ADP', 'أفغانستان_NOUN', 'و_CCONJ', 'يعتبر_VERB', 'مندوب_NOUN', 'ل_ADP', 'ملالي_NOUN', 'إيران_NOUN', 'الصورة_NOUN', 'إجتماع_NOUN', 'الأرهابيين_NOUN', 'وفد_NOUN', 'طالبان_NOUN', 'هنية_X', 'ليلة_NOUN', 'الأمس_NOUN', 'تم_VERB', 'كشك_NOUN', 'قطر_NOUN', 'ممول_NOUN', 'الارهاب_NOUN', 'حفظاللهمصر_X']","['موسى_S-PER', 'مرزوق_B-PER', 'الحمساوى_E-PER', 'يهنئ_O', 'طالبان_S-LOC', 'بفوزه_O', 'بأفغانستان_S-LOC', 'ويعتبر_O', 'مندوب_O', 'لملالي_O', 'إيران_S-LOC', 'الصورة_O', 'إجتماع_O', 'الأرهابيين_O', 'وفد_O', 'طالبان_O', 'هنية_O', 'ليلة_O', 'الأمس_O', 'تم_O', 'كشك_O', 'قطر_O', 'ممول_O', 'الارهاب_O', 'حفظاللهمصر_O']",politics
مزيداً الأنحدار مستنقع التطبيع القذرحسين الجسمي يشارك تلحين اغنية إسرائيلية تبدأ برساله شكر للأمارات الرئيس الأسرائيلي تل ابيب أنقاض قرانا الفلسطينية مسحت وجه الارضخسئتم انتم عار علينا والعروبة والدين بريئةٌ امثالكم التطبيعخيانةعظمى,AuFIN_002,1311033577543479297,"['مزيداً_NOUN', 'الأنحدار_NOUN', 'مستنقع_NOUN', 'التطبيع_NOUN', 'القذرحسين_X', 'الجسمي_ADJ', 'يشارك_VERB', 'تلحين_NOUN', 'اغنية_NOUN', 'إسرائيلية_ADJ', 'تبدأ_VERB', 'ب_ADP', 'رسال_NOUN', 'ه_PRON', 'شكر_NOUN', 'ل_ADP', 'الأمارات_NOUN', 'الرئيس_NOUN', 'الأسرائيلي_ADJ', 'تل_X', 'ابيب_X', 'أنقاض_X', 'قرانا_X', 'الفلسطينية_ADJ', 'مسحت_VERB', 'وجه_NOUN', 'الارضخسئتم_NOUN', 'انتم_PRON', 'عار_X', 'علي_ADP', 'نا_PRON', 'و_CCONJ', 'العروبة_NOUN', 'و_CCONJ', 'الدين_NOUN', 'بريئة_X', 'ٌ_X', 'امثالكم_X', 'التطبيعخيانة_NOUN', 'عظمى_ADJ']","['مزيداً_O', 'الأنحدار_O', 'مستنقع_O', 'التطبيع_O', 'القذرحسين_O', 'الجسمي_O', 'يشارك_O', 'تلحين_O', 'اغنية_B-MISC', 'إسرائيلية_E-MISC', 'تبدأ_O', 'برساله_O', 'شكر_O', 'للأمارات_O', 'الرئيس_O', 'الأسرائيلي_O', 'تل_B-PER', 'ابيب_E-PER', 'أنقاض_O', 'قرانا_O', 'الفلسطينية_O', 'مسحت_O', 'وجه_O', 'الارضخسئتم_O', 'انتم_O', 'عار_O', 'علينا_O', 'والعروبة_O', 'والدين_O', 'بريئة_O', 'ٌ_O', 'امثالكم_O', 'التطبيعخيانة_O', 'عظمى_O']",politics
بتوجيهات هيثم بن طارق آل سعيد سلطان عمان استدعت سلطنة عمان سفيرها الدوحة اليوم ودعت قطر الكف نشاطاتها المزعزعة للاستقرار والأمن وتأتي الخطوة تعكس التضامن المملكة العربية السعودية قطعت العلاقات قطر منتصف عام 2017 إضافة الإمارات,AuFIN_003,1225883281700290560,"['ب_ADP', 'توجيهات_NOUN', 'هيثم_X', 'بن_PROPN', 'طارق_X', 'آل_X', 'سعيد_X', 'سلطان_X', 'عمان_NOUN', 'استدعت_VERB', 'سلطنة_NOUN', 'عمان_NOUN', 'سفير_NOUN', 'ها_PRON', 'الدوحة_NOUN', 'اليوم_NOUN', 'ودعت_VERB', 'قطر_NOUN', 'الكف_NOUN', 'نشاطات_NOUN', 'ها_PRON', 'المزعزعة_ADJ', 'ل_ADP', 'الاستقرار_NOUN', 'و_CCONJ', 'الأمن_NOUN', 'و_CCONJ', 'تأتي_VERB', 'الخطوة_NOUN', 'تعكس_VERB', 'التضامن_NOUN', 'المملكة_NOUN', 'العربية_ADJ', 'السعودية_ADJ', 'قطعت_VERB', 'العلاقات_NOUN', 'قطر_NOUN', 'منتصف_NOUN', 'عام_NOUN', '2017_NUM', 'إضافة_NOUN', 'الإمارات_NOUN']","['بتوجيهات_O', 'هيثم_B-PER', 'بن_I-PER', 'طارق_I-PER', 'آل_I-PER', 'سعيد_E-PER', 'سلطان_O', 'عمان_S-LOC', 'استدعت_O', 'سلطنة_O', 'عمان_S-LOC', 'سفيرها_O', 'الدوحة_S-LOC', 'اليوم_O', 'ودعت_O', 'قطر_O', 'الكف_O', 'نشاطاتها_O', 'المزعزعة_O', 'للاستقرار_O', 'والأمن_O', 'وتأتي_O', 'الخطوة_O', 'تعكس_O', 'التضامن_O', 'المملكة_B-LOC', 'العربية_E-LOC', 'السعودية_S-LOC', 'قطعت_O', 'العلاقات_O', 'قطر_S-LOC', 'منتصف_O', 'عام_O', '2017_O', 'إضافة_O', 'الإمارات_O']",politics
متظاهرون أتراك يهاجمون البنك الكويتي التركي إسطنبول انهيار الليرة التركية وصلني,AuFIN_004,1317056521612763142,"['متظاهرون_NOUN', 'أتراك_ADJ', 'يهاجمون_VERB', 'البنك_NOUN', 'الكويتي_ADJ', 'التركي_ADJ', 'إسطنبول_X', 'انهيار_NOUN', 'الليرة_NOUN', 'التركية_ADJ', 'وصلني_X']","['متظاهرون_O', 'أتراك_S-PER', 'يهاجمون_O', 'البنك_B-ORG', 'الكويتي_E-ORG', 'التركي_O', 'إسطنبول_S-LOC', 'انهيار_O', 'الليرة_O', 'التركية_O', 'وصلني_O']",politics
وين ولد الملحه عاجل رئيس اركان الجيش الكويتي الفريق الركن محمد خالد الخضر حال ينسحب العراق بناء الميناء الجديد تكون محافظة اسمها البصرة ساجتاحها بسواعد رجال الكويت ليكون درس للذين شككو قدراتنا العسكرية العراق اصغر ان تصد هجماتنا ونحن الان,AuFIN_005,1176264390238040064,"['و_CCONJ', 'ين_VERB', 'ولد_NOUN', 'الملحه_NOUN', 'عاجل_ADJ', 'رئيس_NOUN', 'اركان_NOUN', 'الجيش_NOUN', 'الكويتي_ADJ', 'الفريق_NOUN', 'الركن_NOUN', 'محمد_X', 'خالد_X', 'الخضر_X', 'حال_NOUN', 'ينسحب_VERB', 'العراق_NOUN', 'بناء_NOUN', 'الميناء_NOUN', 'الجديد_ADJ', 'تكون_VERB', 'محافظة_NOUN', 'اسم_NOUN', 'ها_PRON', 'البصرة_NOUN', 'س_AUX', 'اجتاح_VERB', 'ها_PRON', 'ب_ADP', 'سواعد_NOUN', 'رجال_NOUN', 'الكويت_NOUN', 'ل_CCONJ', 'يكون_VERB', 'درس_NOUN', 'ل_ADP', 'الذين_DET', 'شككو_VERB', 'قدرات_NOUN', 'نا_PRON', 'العسكرية_ADJ', 'العراق_NOUN', 'اصغر_ADJ', 'ان_SCONJ', 'تصد_VERB', 'هجمات_NOUN', 'نا_PRON', 'و_CCONJ', 'نحن_PRON', 'الان_NOUN']","['وين_O', 'ولد_O', 'الملحه_O', 'عاجل_O', 'رئيس_O', 'اركان_O', 'الجيش_B-ORG', 'الكويتي_E-ORG', 'الفريق_O', 'الركن_O', 'محمد_B-PER', 'خالد_I-PER', 'الخضر_E-PER', 'حال_O', 'ينسحب_O', 'العراق_S-LOC', 'بناء_O', 'الميناء_O', 'الجديد_O', 'تكون_O', 'محافظة_O', 'اسمها_O', 'البصرة_S-LOC', 'ساجتاحها_O', 'بسواعد_O', 'رجال_O', 'الكويت_S-LOC', 'ليكون_O', 'درس_O', 'للذين_O', 'شككو_O', 'قدراتنا_O', 'العسكرية_O', 'العراق_S-LOC', 'اصغر_O', 'ان_O', 'تصد_O', 'هجماتنا_O', 'ونحن_O', 'الان_O']",politics
قيسسعيد فصاعداً تدخل رجال الدين السياسة فإني سأملاء السجون يحيا البطن حمل رجل زمن انبطاح الرجال,AuFIN_006,1420483339266318339,"['قيسسعيد_ADJ', 'فصاعداً_ADJ', 'تدخل_VERB', 'رجال_NOUN', 'الدين_NOUN', 'السياسة_NOUN', 'ف_CCONJ', 'إني_PRON', 'س_AUX', 'أملاء_VERB', 'السجون_NOUN', 'يحيا_VERB', 'البطن_NOUN', 'حمل_VERB', 'رجل_NOUN', 'زمن_NOUN', 'انبطاح_X', 'الرجال_NOUN']","['قيسسعيد_O', 'فصاعداً_O', 'تدخل_O', 'رجال_O', 'الدين_O', 'السياسة_O', 'فإني_O', 'سأملاء_O', 'السجون_O', 'يحيا_O', 'البطن_O', 'حمل_O', 'رجل_O', 'زمن_O', 'انبطاح_O', 'الرجال_O']",politics
قطر تُعلن تسجيل إصابة فايروس كورونا المستجد,AuFIN_007,1229853077357899776,"['قطر_NOUN', 'تُعلن_VERB', 'تسجيل_NOUN', 'إصابة_NOUN', 'فايروس_X', 'كورونا_X', 'المستجد_ADJ']","['قطر_S-LOC', 'تُعلن_O', 'تسجيل_O', 'إصابة_O', 'فايروس_B-PER', 'كورونا_E-PER', 'المستجد_O']",politics
شاهد احتفلالقطريون شوارع الدوحة موافقة المملكة فتح الحدود البرية والجوية بلادهم 24,AuFIN_008,1346250971169611783,"['شاهد_NOUN', 'احتفلالقطريون_X', 'شوارع_NOUN', 'الدوحة_NOUN', 'موافقة_NOUN', 'المملكة_NOUN', 'فتح_NOUN', 'الحدود_NOUN', 'البرية_ADJ', 'و_CCONJ', 'الجوية_ADJ', 'بلاد_NOUN', 'هم_PRON', '24_NUM']","['شاهد_O', 'احتفلالقطريون_O', 'شوارع_O', 'الدوحة_S-LOC', 'موافقة_O', 'المملكة_O', 'فتح_O', 'الحدود_O', 'البرية_O', 'والجوية_O', 'بلادهم_O', '24_O']",politics
أردوغان مشاكلي السيسي كانت بسبب سوء الفهم وأسعى لإصلاحه قناة الجزيرة,AuFIN_009,1370704766397976576,"['أردوغان_X', 'مشاكلي_X', 'السيسي_X', 'كانت_VERB', 'ب_ADP', 'سبب_NOUN', 'سوء_NOUN', 'الفهم_NOUN', 'و_CCONJ', 'أسعى_VERB', 'ل_ADP', 'إصلاح_NOUN', 'ه_PRON', 'قناة_NOUN', 'الجزيرة_NOUN']","['أردوغان_S-PER', 'مشاكلي_O', 'السيسي_O', 'كانت_O', 'بسبب_O', 'سوء_O', 'الفهم_O', 'وأسعى_O', 'لإصلاحه_O', 'قناة_O', 'الجزيرة_O']",politics
مش ده برضو الملياردير نجيب ساويرس اللي معاه ربع فلوس مصر وعايش خيرها مش شايف كويس متصور آبي أحمد رئيس الوزراء الأثيوبي اللي بيموت إكلينيكيا حاليا واللي مغتصب حقنا مياه النيل طيب أيه اللي موديه,AuFIN_010,1463555041432940550,"['مش_X', 'ده_X', 'برضو_ADJ', 'الملياردير_NOUN', 'نجيب_X', 'ساويرس_X', 'اللي_X', 'معاه_ADJ', 'ربع_NOUN', 'فلوس_NOUN', 'مصر_NOUN', 'و_CCONJ', 'عايش_ADJ', 'خير_ADJ', 'ها_PRON', 'مش_X', 'شايف_X', 'كويس_X', 'متصور_ADJ', 'آبي_X', 'أحمد_X', 'رئيس_NOUN', 'الوزراء_NOUN', 'الأثيوبي_ADJ', 'اللي_X', 'بيموت_X', 'إكلينيكيا_X', 'حاليا_ADJ', 'و_CCONJ', 'اللي_ADJ', 'مغتصب_X', 'حقنا_X', 'مياه_NOUN', 'النيل_NOUN', 'طيب_ADJ', 'أي_NOUN', 'ه_PRON', 'اللي_X', 'موديه_X']","['مش_O', 'ده_O', 'برضو_O', 'الملياردير_O', 'نجيب_B-PER', 'ساويرس_E-PER', 'اللي_O', 'معاه_O', 'ربع_O', 'فلوس_O', 'مصر_S-LOC', 'وعايش_O', 'خيرها_O', 'مش_O', 'شايف_O', 'كويس_O', 'متصور_O', 'آبي_B-PER', 'أحمد_E-PER', 'رئيس_O', 'الوزراء_O', 'الأثيوبي_O', 'اللي_O', 'بيموت_O', 'إكلينيكيا_S-ORG', 'حاليا_O', 'واللي_O', 'مغتصب_O', 'حقنا_O', 'مياه_O', 'النيل_S-LOC', 'طيب_O', 'أيه_O', 'اللي_O', 'موديه_O']",politics
الاعلان اكبر حصيلة يومية لبنان بدء انتشار فيروس كورونا 173 اصابة اخر 24 ساعة ,AuFIN_011,1281185322165043203,"['الاعلان_NOUN', 'اكبر_ADJ', 'حصيلة_NOUN', 'يومية_ADJ', 'لبنان_NOUN', 'بدء_NOUN', 'انتشار_NOUN', 'فيروس_NOUN', 'كورونا_X', '173_NUM', 'اصابة_NOUN', 'اخر_ADJ', '24_NUM', 'ساعة_NOUN']","['الاعلان_O', 'اكبر_O', 'حصيلة_O', 'يومية_O', 'لبنان_S-LOC', 'بدء_O', 'انتشار_O', 'فيروس_B-MISC', 'كورونا_E-MISC', '173_O', 'اصابة_O', 'اخر_O', '24_O', 'ساعة_O']",health
 عاجل الولايات المتحدة المحكمة العليا تلغي التطعيم الشامل فضيحة 3 أسابيع انتصارًا عظيمًا للحرية ألغت المحكمة العليا التطعيم الشامل,AuFIN_012,1403272697673568257,"['عاجل_NOUN', 'الولايات_NOUN', 'المتحدة_ADJ', 'المحكمة_NOUN', 'العليا_ADJ', 'تلغي_VERB', 'التطعيم_NOUN', 'الشامل_ADJ', 'فضيحة_NOUN', '3_NUM', 'أسابيع_NOUN', 'انتصارًا_NOUN', 'عظيمًا_ADJ', 'ل_ADP', 'الحرية_NOUN', 'ألغت_VERB', 'المحكمة_NOUN', 'العليا_ADJ', 'التطعيم_NOUN', 'الشامل_ADJ']","['عاجل_O', 'الولايات_B-LOC', 'المتحدة_E-LOC', 'المحكمة_O', 'العليا_O', 'تلغي_O', 'التطعيم_O', 'الشامل_O', 'فضيحة_O', '3_O', 'أسابيع_O', 'انتصارًا_O', 'عظيمًا_O', 'للحرية_O', 'ألغت_O', 'المحكمة_O', 'العليا_O', 'التطعيم_O', 'الشامل_O']",health
تصريحات سابقة لوزير الصحة الجديد بعدم ارتداء الكمامة الأردن خبرني,AuFIN_013,1376585652683337728,"['تصريحات_NOUN', 'سابقة_ADJ', 'ل_ADP', 'وزير_NOUN', 'الصحة_NOUN', 'الجديد_ADJ', 'ب_ADP', 'عدم_NOUN', 'ارتداء_NOUN', 'الكمامة_NOUN', 'الأردن_NOUN', 'خبرني_X']","['تصريحات_O', 'سابقة_O', 'لوزير_O', 'الصحة_O', 'الجديد_O', 'بعدم_O', 'ارتداء_O', 'الكمامة_O', 'الأردن_S-LOC', 'خبرني_O']",health
مسؤول تونسي يُعلن انهزامه كورونا شاهدكورونا,AuFIN_014,1410987880399388674,"['مسؤول_NOUN', 'تونسي_ADJ', 'يُعلن_VERB', 'انهزام_NOUN', 'ه_PRON', 'كورونا_X', 'شاهدكورونا_X']","['مسؤول_O', 'تونسي_O', 'يُعلن_O', 'انهزامه_O', 'كورونا_B-PER', 'شاهدكورونا_E-PER']",health
عاجل المتحدث باسم وزارة الصحة برام الله كمال الشخرة تسلمنا 20 جرعة لقاح كورونا نوع موديرنا الأمريكي وهذه الدفعة ستكون مخصصة الرئيس عباس واللجنة المركزية لفتح وكبار الشخصيات,AuFIN_015,1356262536535027716,"['عاجل_VERB', 'المتحدث_NOUN', 'ب_ADP', 'اسم_NOUN', 'وزارة_NOUN', 'الصحة_NOUN', 'برام_X', 'الله_X', 'كمال_X', 'الشخرة_X', 'تسلم_VERB', 'نا_PRON', '20_NUM', 'جرعة_NOUN', 'ل_ADP', 'قاح_NOUN', 'كورونا_X', 'نوع_NOUN', 'مودير_NOUN', 'نا_PRON', 'الأمريكي_ADJ', 'و_CCONJ', 'هٰذه_DET', 'الدفعة_NOUN', 'س_AUX', 'تكون_AUX', 'مخصصة_ADJ', 'الرئيس_NOUN', 'عباس_X', 'و_CCONJ', 'اللجنة_NOUN', 'المركزية_ADJ', 'ل_ADP', 'فتح_NOUN', 'و_CCONJ', 'كبار_ADJ', 'الشخصيات_NOUN']","['عاجل_O', 'المتحدث_O', 'باسم_O', 'وزارة_O', 'الصحة_O', 'برام_B-PER', 'الله_I-PER', 'كمال_I-PER', 'الشخرة_E-PER', 'تسلمنا_O', '20_O', 'جرعة_O', 'لقاح_O', 'كورونا_O', 'نوع_O', 'موديرنا_B-LOC', 'الأمريكي_E-LOC', 'وهذه_O', 'الدفعة_O', 'ستكون_O', 'مخصصة_O', 'الرئيس_O', 'عباس_O', 'واللجنة_O', 'المركزية_O', 'لفتح_O', 'وكبار_O', 'الشخصيات_O']",health
الغارديان تحذر تفشي فيروس قاتل الصين إسمه نيباه,AuFIN_016,1355808846619570176,"['الغارديان_X', 'تحذر_VERB', 'تفشي_NOUN', 'ف_CCONJ', 'يروس_VERB', 'قاتل_NOUN', 'الصين_NOUN', 'إسمه_X', 'نيباه_X']","['الغارديان_S-ORG', 'تحذر_O', 'تفشي_O', 'فيروس_O', 'قاتل_O', 'الصين_S-LOC', 'إسمه_O', 'نيباه_O']",health
مصر ماتبي تعطي لقاح لمواطنينها دول الخليج تتكفل فيهم السعودية سلطنة عمان قطر رافضة تدخلهم مافي الكويت بلد الانسانية تستقبلهم وتطعمهم شنو السر الغامض كويت تعامل مصر معاملة,AuFIN_017,1390708921049001985,"['مصر_NOUN', 'ماتبي_X', 'تعطي_VERB', 'ل_ADP', 'قاح_NOUN', 'ل_ADP', 'مواطنين_NOUN', 'ها_PRON', 'دول_NOUN', 'الخليج_NOUN', 'تتكفل_VERB', 'في_ADP', 'هم_PRON', 'السعودية_NOUN', 'سلطنة_NOUN', 'عمان_NOUN', 'قطر_NOUN', 'رافضة_ADJ', 'تدخل_VERB', 'هم_PRON', 'مافي_X', 'الكويت_NOUN', 'بلد_NOUN', 'الانسانية_ADJ', 'تستقبل_VERB', 'هم_PRON', 'و_CCONJ', 'تطعم_VERB', 'هم_PRON', 'شنو_X', 'السر_NOUN', 'الغامض_ADJ', 'كويت_X', 'تعامل_VERB', 'مصر_NOUN', 'معاملة_NOUN']","['مصر_S-LOC', 'ماتبي_O', 'تعطي_O', 'لقاح_O', 'لمواطنينها_O', 'دول_O', 'الخليج_S-LOC', 'تتكفل_O', 'فيهم_O', 'السعودية_S-LOC', 'سلطنة_O', 'عمان_S-LOC', 'قطر_S-LOC', 'رافضة_O', 'تدخلهم_O', 'مافي_O', 'الكويت_S-LOC', 'بلد_O', 'الانسانية_O', 'تستقبلهم_O', 'وتطعمهم_O', 'شنو_O', 'السر_O', 'الغامض_O', 'كويت_O', 'تعامل_O', 'مصر_S-LOC', 'معاملة_O']",health
مجلس الوزراء يحدد عطلة عيدالاضحى المبارك الأحد ١٨ الجاري الخميس ٢٢ فرض حظر شامل للتجوال العراق,AuFIN_018,1413895812434829318,"['مجلس_NOUN', 'الوزراء_NOUN', 'يحدد_VERB', 'عطلة_NOUN', 'عيدالاضحى_NOUN', 'المبارك_ADJ', 'الأحد_NOUN', '١٨_NUM', 'الجاري_ADJ', 'الخميس_NOUN', '٢٢_NUM', 'فرض_NOUN', 'حظر_NOUN', 'شامل_ADJ', 'ل_ADP', 'التجوال_NOUN', 'العراق_NOUN']","['مجلس_B-ORG', 'الوزراء_E-ORG', 'يحدد_O', 'عطلة_O', 'عيدالاضحى_O', 'المبارك_O', 'الأحد_O', '١٨_O', 'الجاري_O', 'الخميس_O', '٢٢_O', 'فرض_O', 'حظر_O', 'شامل_O', 'للتجوال_O', 'العراق_S-LOC']",health
تكريماً للكوادر الصحية وجهودها بمكافحة كورونا السلطات المصرية تصدر عملات معدنية تحمل عبارة فرق مصر الطبية صورة لعاملين بقطاع الصحة موظفو الصحة بمصر كانوا اشتكوا مراراً نقص الإمدادات ووسائل الحماية يعرضهم لخطر الفيروس خلّف ضحايا كثيرين بينهم,AuFIN_019,1360158005564755970,"['تكريماً_NOUN', 'ل_ADP', 'الكوادر_NOUN', 'الصحية_ADJ', 'و_CCONJ', 'جهود_NOUN', 'ها_PRON', 'ب_ADP', 'مكافحة_NOUN', 'كورونا_X', 'السلطات_NOUN', 'المصرية_ADJ', 'تصدر_VERB', 'عملات_NOUN', 'معدنية_ADJ', 'تحمل_VERB', 'عبارة_NOUN', 'فرق_NOUN', 'مصر_NOUN', 'الطبية_ADJ', 'صورة_NOUN', 'ل_ADP', 'عاملين_NOUN', 'ب_ADP', 'قطاع_NOUN', 'الصحة_NOUN', 'موظفو_NOUN', 'الصحة_NOUN', 'ب_ADP', 'مصر_NOUN', 'كانوا_VERB', 'اشتكوا_VERB', 'مراراً_NOUN', 'نقص_NOUN', 'الإمدادات_NOUN', 'و_CCONJ', 'وسائل_NOUN', 'الحماية_NOUN', 'يعرض_VERB', 'هم_PRON', 'ل_ADP', 'خطر_NOUN', 'الفيروس_NOUN', 'خلّف_VERB', 'ضحايا_NOUN', 'كثيرين_ADJ', 'بينهم_VERB']","['تكريماً_O', 'للكوادر_O', 'الصحية_O', 'وجهودها_O', 'بمكافحة_O', 'كورونا_B-ORG', 'السلطات_I-ORG', 'المصرية_E-ORG', 'تصدر_O', 'عملات_O', 'معدنية_O', 'تحمل_O', 'عبارة_O', 'فرق_O', 'مصر_S-LOC', 'الطبية_O', 'صورة_O', 'لعاملين_O', 'بقطاع_O', 'الصحة_O', 'موظفو_O', 'الصحة_O', 'بمصر_S-LOC', 'كانوا_O', 'اشتكوا_O', 'مراراً_O', 'نقص_O', 'الإمدادات_O', 'ووسائل_O', 'الحماية_O', 'يعرضهم_O', 'لخطر_O', 'الفيروس_O', 'خلّف_O', 'ضحايا_O', 'كثيرين_O', 'بينهم_O']",health
معلومات وقائيه اليونسيف بخصوص فايروس كورونا 1فيروس كورونا كبير الحجم يبلغ قطر الخلية 400 500 الصغرى ولهذا السبب قناع يمنع دخوله 2 فيروس كورونا يستقر الهواء يهبط للارض لذلك فهو ينتقل بالهواء,AuFIN_020,1237428996868055040,"['معلومات_NOUN', 'و_CCONJ', 'قائي_NOUN', 'ه_PRON', 'اليونسيف_X', 'ب_ADP', 'خصوص_NOUN', 'فايروس_X', 'كورونا_X', '1فيروس_X', 'كورونا_X', 'كبير_ADJ', 'الحجم_NOUN', 'يبلغ_VERB', 'قطر_NOUN', 'الخلية_NOUN', '400_NUM', '500_NUM', 'الصغرى_ADJ', 'و_CCONJ', 'ل_ADP', 'هٰذا_DET', 'السبب_NOUN', 'قناع_NOUN', 'يمنع_VERB', 'دخول_NOUN', 'ه_PRON', '2_NUM', 'فيروس_NOUN', 'كورونا_X', 'يستقر_VERB', 'الهواء_NOUN', 'يهبط_VERB', 'ل_ADP', 'الأرض_NOUN', 'ل_ADP', 'ذٰلك_DET', 'ف_CCONJ', 'هو_PRON', 'ينتقل_VERB', 'بالهواء_NOUN']","['معلومات_O', 'وقائيه_O', 'اليونسيف_O', 'بخصوص_O', 'فايروس_B-PER', 'كورونا_E-PER', '1فيروس_O', 'كورونا_O', 'كبير_O', 'الحجم_O', 'يبلغ_O', 'قطر_O', 'الخلية_O', '400_O', '500_O', 'الصغرى_O', 'ولهذا_O', 'السبب_O', 'قناع_O', 'يمنع_O', 'دخوله_O', '2_O', 'فيروس_O', 'كورونا_O', 'يستقر_O', 'الهواء_O', 'يهبط_O', 'للارض_O', 'لذلك_O', 'فهو_O', 'ينتقل_O', 'بالهواء_O']",health
مدريد سيلعب الدوري الإنجليزي كواليس ستعرفها للمرة الأولى,AuFIN_021,1426488403336470530,"['مدريد_X', 'س_AUX', 'يلعب_VERB', 'الدوري_NOUN', 'الإنجليزي_ADJ', 'كواليس_X', 'س_AUX', 'تعرف_VERB', 'ها_PRON', 'ل_ADP', 'المرة_NOUN', 'الأولى_ADJ']","['مدريد_S-LOC', 'سيلعب_O', 'الدوري_B-MISC', 'الإنجليزي_I-MISC', 'كواليس_E-MISC', 'ستعرفها_O', 'للمرة_O', 'الأولى_O']",sports
وفاة رابح سعدان المدرب السابق للمنتخب الجزائري انا لله وانا اليه راجعون تعازينا الحارة لكل الإخوة وطننا الثاني الجزائر,AuFIN_022,1423756887410061315,"['و_CCONJ', 'فاة_VERB', 'رابح_X', 'سعدان_X', 'المدرب_NOUN', 'السابق_ADJ', 'ل_ADP', 'المنتخب_NOUN', 'الجزائري_ADJ', 'إن_SCONJ', 'نا_PRON', 'ل_ADP', 'اللٰه_NOUN', 'وانا_X', 'إلي_ADP', 'ه_PRON', 'راجعون_VERB', 'تعازي_NOUN', 'نا_PRON', 'الحارة_NOUN', 'ل_ADP', 'كل_NOUN', 'الإخوة_NOUN', 'و_CCONJ', 'طن_NOUN', 'نا_PRON', 'الثاني_ADJ', 'الجزائر_NOUN']","['وفاة_O', 'رابح_B-PER', 'سعدان_E-PER', 'المدرب_O', 'السابق_O', 'للمنتخب_B-ORG', 'الجزائري_E-ORG', 'انا_O', 'لله_O', 'وانا_O', 'اليه_O', 'راجعون_O', 'تعازينا_O', 'الحارة_O', 'لكل_O', 'الإخوة_O', 'وطننا_O', 'الثاني_O', 'الجزائر_S-LOC']",sports
بكل فخر صنع مصر  رامي السبيعي اول مصري واول عربي يفوز بمستر اولمبيا التاريخ مبروك لمصر والعرب بيجرامي,AuFIN_023,1340517478628208642,"['بكل_NOUN', 'فخر_NOUN', 'صنع_VERB', 'مصر_NOUN', 'رامي_X', 'السبيعي_X', 'اول_ADJ', 'مصري_ADJ', 'واول_ADJ', 'عربي_ADJ', 'يفوز_VERB', 'ب_ADP', 'مستر_NOUN', 'اولمبيا_X', 'التاريخ_NOUN', 'مبروك_ADJ', 'ل_ADP', 'مصر_NOUN', 'و_CCONJ', 'العرب_NOUN', 'بيجرامي_X']","['بكل_O', 'فخر_S-PER', 'صنع_O', 'مصر_S-LOC', 'رامي_B-PER', 'السبيعي_E-PER', 'اول_O', 'مصري_O', 'واول_O', 'عربي_O', 'يفوز_O', 'بمستر_B-PER', 'اولمبيا_E-PER', 'التاريخ_O', 'مبروك_O', 'لمصر_S-LOC', 'والعرب_O', 'بيجرامي_S-PER']",sports
خبر سار لجماهير الاهلي ان سبورت تختار احمد الطيب للتعليق علي مباراة الاهلي والدحيل افتتاح كاس العالم للاندية,AuFIN_024,1355061889122889729,"['خبر_NOUN', 'سار_ADJ', 'ل_ADP', 'جماهير_NOUN', 'الاهلي_X', 'ان_SCONJ', 'سبورت_X', 'تختار_VERB', 'احمد_X', 'الطيب_X', 'ل_ADP', 'التعليق_NOUN', 'علي_ADP', 'مباراة_NOUN', 'الاهلي_X', 'و_CCONJ', 'الدحيل_NOUN', 'افتتاح_NOUN', 'كاس_NOUN', 'العالم_NOUN', 'ل_ADP', 'الأندية_NOUN']","['خبر_O', 'سار_O', 'لجماهير_O', 'الاهلي_O', 'ان_O', 'سبورت_S-ORG', 'تختار_O', 'احمد_B-PER', 'الطيب_E-PER', 'للتعليق_O', 'علي_O', 'مباراة_O', 'الاهلي_O', 'والدحيل_O', 'افتتاح_O', 'كاس_O', 'العالم_O', 'للاندية_O']",sports
عاجل مؤمن زكريا يعلنها قليل سيعود لتدريبات النادي الاهلي يوم 1مارس ,AuFIN_025,1363856745303576579,"['عاجل_ADJ', 'مؤمن_ADJ', 'زكريا_X', 'يعلن_VERB', 'ها_PRON', 'قليل_ADJ', 'س_AUX', 'يعود_VERB', 'ل_ADP', 'تدريبات_NOUN', 'النادي_NOUN', 'الاهلي_X', 'يوم_NOUN', '1مارس_NOUN']","['عاجل_O', 'مؤمن_O', 'زكريا_O', 'يعلنها_O', 'قليل_O', 'سيعود_O', 'لتدريبات_O', 'النادي_O', 'الاهلي_O', 'يوم_O', '1مارس_O']",sports
توريس جوميز عضو مجلس إدارة مدريد النادي الاهلي المصري يسبق مدريد عدد البطولات القارية خلال القرن الحالي اصبح لدينا منافس قوي علي عدد الالقاب,AuFIN_026,1398597390744047619,"['توريس_X', 'جوميز_X', 'عضو_NOUN', 'مجلس_NOUN', 'إدارة_NOUN', 'مدريد_X', 'النادي_NOUN', 'الاهلي_X', 'المصري_ADJ', 'يسبق_VERB', 'مدريد_X', 'عدد_NOUN', 'البطولات_NOUN', 'القارية_ADJ', 'خلال_ADP', 'القرن_NOUN', 'الحالي_ADJ', 'اصبح_VERB', 'لدي_ADP', 'نا_PRON', 'منافس_NOUN', 'قوي_ADJ', 'علي_ADP', 'عدد_NOUN', 'الالقاب_NOUN']","['توريس_B-PER', 'جوميز_E-PER', 'عضو_O', 'مجلس_B-ORG', 'إدارة_I-ORG', 'مدريد_E-ORG', 'النادي_B-ORG', 'الاهلي_I-ORG', 'المصري_E-ORG', 'يسبق_O', 'مدريد_S-LOC', 'عدد_O', 'البطولات_O', 'القارية_O', 'خلال_O', 'القرن_O', 'الحالي_O', 'اصبح_O', 'لدينا_O', 'منافس_O', 'قوي_O', 'علي_O', 'عدد_O', 'الالقاب_O']",sports
إجبار الاسطورة كريستيانو إرتداء شارة دعم المثليين الليله امام المنتخب الفرنسي الدون كلمته كالعادة عاجل رونالدو رفض ارتداء شارة المثليين وقال انا مستعد لتلقي اي عقوبة باقي الأندية,AuFIN_027,1407787744332496901,"['إجبار_NOUN', 'الاسطورة_NOUN', 'كريستيانو_X', 'إرتداء_NOUN', 'شارة_NOUN', 'دعم_NOUN', 'المثليين_NOUN', 'الليله_X', 'امام_ADP', 'المنتخب_NOUN', 'الفرنسي_ADJ', 'الدون_X', 'كلمة_NOUN', 'ه_PRON', 'ك_ADP', 'العادة_NOUN', 'عاجل_X', 'رونالدو_X', 'رفض_VERB', 'ارتداء_NOUN', 'شارة_NOUN', 'المثليين_NOUN', 'و_CCONJ', 'قال_VERB', 'انا_X', 'مستعد_ADJ', 'ل_ADP', 'تلقي_NOUN', 'اي_ADJ', 'عقوبة_NOUN', 'باقي_ADJ', 'الأندية_NOUN']","['إجبار_O', 'الاسطورة_O', 'كريستيانو_S-PER', 'إرتداء_O', 'شارة_O', 'دعم_O', 'المثليين_O', 'الليله_O', 'امام_O', 'المنتخب_B-ORG', 'الفرنسي_E-ORG', 'الدون_O', 'كلمته_O', 'كالعادة_O', 'عاجل_O', 'رونالدو_S-PER', 'رفض_O', 'ارتداء_O', 'شارة_O', 'المثليين_O', 'وقال_O', 'انا_O', 'مستعد_O', 'لتلقي_O', 'اي_O', 'عقوبة_O', 'باقي_O', 'الأندية_O']",sports
عاجل إيقاف الحكم الجزائري مصطفي غربال بتهمه الرشوة نهائي دوري أبطال إفريقيا,AuFIN_028,1338041390173999104,"['عاجل_ADJ', 'إيقاف_NOUN', 'الحكم_NOUN', 'الجزائري_ADJ', 'مصطفي_X', 'غربال_X', 'ب_ADP', 'تهم_NOUN', 'ه_PRON', 'الرشوة_NOUN', 'نهائي_NOUN', 'دوري_NOUN', 'أبطال_NOUN', 'إفريقيا_X']","['عاجل_O', 'إيقاف_O', 'الحكم_O', 'الجزائري_O', 'مصطفي_B-PER', 'غربال_E-PER', 'بتهمه_O', 'الرشوة_O', 'نهائي_B-MISC', 'دوري_I-MISC', 'أبطال_I-MISC', 'إفريقيا_E-MISC']",sports
بيتيس قدموا عرضاً للتوقيع الحارس المصري محمد الشناوي نادي الأهلي المصري,AuFIN_029,1351816813257117696,"['بيتيس_X', 'قدموا_VERB', 'عرضاً_NOUN', 'ل_ADP', 'التوقيع_NOUN', 'الحارس_NOUN', 'المصري_ADJ', 'محمد_X', 'الشناوي_X', 'نادي_X', 'الأهلي_NOUN', 'المصري_ADJ']","['بيتيس_S-PER', 'قدموا_O', 'عرضاً_O', 'للتوقيع_O', 'الحارس_O', 'المصري_O', 'محمد_B-PER', 'الشناوي_E-PER', 'نادي_B-ORG', 'الأهلي_I-ORG', 'المصري_E-ORG']",sports
تريكة يبزق الحقيقة وجه الهالوينيون العرب  الهالوين,AuFIN_030,1455443535369494529,"['تريكة_X', 'يبزق_VERB', 'الحقيقة_NOUN', 'وجه_VERB', 'الهالوينيون_NOUN', 'العرب_ADJ', 'الهالوين_X']","['تريكة_O', 'يبزق_O', 'الحقيقة_O', 'وجه_O', 'الهالوينيون_B-PER', 'العرب_E-PER', 'الهالوين_S-PER']",sports
أعضاء مجلس الأمه الكويتي يوقعون ورقه ضد إتفاقية السلام الإمارات وإسرائيل وعرگة بالعگل النواب الشيعة والسلفين الشيعة ضد التطبيع والسلفين اسرائيل,AuFIN_031,1296416404581883905,"['أعضاء_NOUN', 'مجلس_NOUN', 'الأمه_NOUN', 'الكويتي_ADJ', 'يوقعون_VERB', 'و_CCONJ', 'رق_NOUN', 'ه_PRON', 'ضد_ADP', 'إتفاقية_NOUN', 'السلام_NOUN', 'الإمارات_NOUN', 'و_CCONJ', 'إسرائيل_NOUN', 'و_CCONJ', 'عر<UNK>ة_NOUN', 'ب_ADP', 'الع<UNK>ل_NOUN', 'النواب_NOUN', 'الشيعة_NOUN', 'و_CCONJ', 'السلفين_NOUN', 'الشيعة_NOUN', 'ضد_ADP', 'التطبيع_NOUN', 'و_CCONJ', 'السلفين_NOUN', 'اسرائيل_NOUN']","['أعضاء_O', 'مجلس_B-ORG', 'الأمه_I-ORG', 'الكويتي_E-ORG', 'يوقعون_O', 'ورقه_O', 'ضد_O', 'إتفاقية_O', 'السلام_O', 'الإمارات_O', 'وإسرائيل_S-LOC', 'وعرگة_O', 'بالعگل_O', 'النواب_O', 'الشيعة_S-PER', 'والسلفين_O', 'الشيعة_S-PER', 'ضد_O', 'التطبيع_O', 'والسلفين_O', 'اسرائيل_S-LOC']",politics
الولايات المتحدة توافق بيع الكويت 4 طائرات اباتشي 4 مليار والله تسقطون قروض للكويتين افضل 4 طائرات  تحمينا مثلا وسعرها عالى ليش شارينهم طيارين الأمريكين او شنو  اسقاطالقروضلليوم752,AuFIN_032,1344295131764162561,"['الولايات_NOUN', 'المتحدة_ADJ', 'توافق_VERB', 'بيع_NOUN', 'الكويت_NOUN', '4_NUM', 'طائرات_NOUN', 'اباتشي_X', '4_NUM', 'مليار_NUM', 'و_CCONJ', 'اللٰه_NOUN', 'تسقطون_VERB', 'قروض_X', 'ل_ADP', 'الكويتين_NOUN', 'افضل_ADJ', '4_NUM', 'طائرات_NOUN', 'تحمي_VERB', 'نا_PRON', 'مثلا_NOUN', 'و_CCONJ', 'سعر_NOUN', 'ها_PRON', 'عالى_ADJ', 'ليش_X', 'شارين_X', 'هم_PRON', 'طيارين_NOUN', 'الأمريكين_ADJ', 'او_CCONJ', 'شنو_X', 'اسقاطالقروضلليو_X', 'م_X', '752_NUM']","['الولايات_B-LOC', 'المتحدة_E-LOC', 'توافق_O', 'بيع_O', 'الكويت_S-LOC', '4_O', 'طائرات_O', 'اباتشي_O', '4_O', 'مليار_O', 'والله_O', 'تسقطون_O', 'قروض_O', 'للكويتين_O', 'افضل_O', '4_O', 'طائرات_O', 'تحمينا_O', 'مثلا_O', 'وسعرها_O', 'عالى_O', 'ليش_O', 'شارينهم_O', 'طيارين_O', 'الأمريكين_S-PER', 'او_O', 'شنو_O', 'اسقاطالقروضلليو_O', 'م_O', '752_O']",politics
البرادعي بيتحدث جديد إمتلاك مصر للسلاح النووى بمحطة الضبعة يعد إنتهاكا واضحا للمعايير الدولية ويجب إيقافه,AuFIN_033,1371053837063180293,"['البرادعي_X', 'ب_ADP', 'يتحدث_VERB', 'جديد_ADJ', 'إمتلاك_NOUN', 'مصر_NOUN', 'ل_ADP', 'السلاح_NOUN', 'النووى_ADJ', 'ب_ADP', 'محطة_NOUN', 'الضبعة_NOUN', 'يعد_VERB', 'إنتهاكا_NOUN', 'واضحا_ADJ', 'ل_ADP', 'المعايير_NOUN', 'الدولية_ADJ', 'و_CCONJ', 'يجب_VERB', 'إيقافه_PRON']","['البرادعي_S-PER', 'بيتحدث_O', 'جديد_O', 'إمتلاك_O', 'مصر_S-LOC', 'للسلاح_O', 'النووى_O', 'بمحطة_O', 'الضبعة_O', 'يعد_O', 'إنتهاكا_O', 'واضحا_O', 'للمعايير_O', 'الدولية_O', 'ويجب_O', 'إيقافه_O']",politics
تعينه نائب رئيس الجمعية الدستورية القطرية الرئيس قيس سعيد يقسم اليمين امام صاحبة السمو الشيخة موزة المسند فى عاصمة قطر الدوحة,AuFIN_034,1329019940435849217,"['تعين_VERB', 'ه_PRON', 'نائب_NOUN', 'رئيس_NOUN', 'الجمعية_NOUN', 'الدستورية_ADJ', 'القطرية_ADJ', 'الرئيس_NOUN', 'قيس_X', 'سعيد_X', 'يقسم_VERB', 'اليمين_NOUN', 'امام_ADP', 'صاحبة_NOUN', 'السمو_NOUN', 'الشيخة_NOUN', 'موزة_X', 'المسند_X', 'فى_ADP', 'عاصمة_NOUN', 'قطر_NOUN', 'الدوحة_NOUN']","['تعينه_O', 'نائب_O', 'رئيس_O', 'الجمعية_B-ORG', 'الدستورية_I-ORG', 'القطرية_E-ORG', 'الرئيس_O', 'قيس_B-PER', 'سعيد_E-PER', 'يقسم_O', 'اليمين_O', 'امام_O', 'صاحبة_O', 'السمو_O', 'الشيخة_O', 'موزة_B-PER', 'المسند_E-PER', 'فى_O', 'عاصمة_O', 'قطر_S-LOC', 'الدوحة_S-LOC']",politics
70 خالد مشعل نشكر السيد أردوغان علي التطبيع المثمر العدو الصهيوني سيسفر فتح قناة اتصال قوية للحركة العدو فك جزئي للحصار عليها اقامة علاقات الامارات واسرائيل مكافئة محانية للاحتلال الاسرائيلي حماس منظمة ارهابية فارسية لايعنيها عدوة القضية الفلسطينية,AuFIN_035,1293965899972706307,"['70_NUM', 'خالد_X', 'مشعل_X', 'نشكر_X', 'السيد_NOUN', 'أردوغان_X', 'علي_ADP', 'التطبيع_NOUN', 'المثمر_ADJ', 'العدو_NOUN', 'الصهيوني_ADJ', 'س_AUX', 'يسفر_VERB', 'فتح_NOUN', 'قناة_NOUN', 'اتصال_NOUN', 'قوية_ADJ', 'ل_ADP', 'الحركة_NOUN', 'العدو_NOUN', 'فك_X', 'جزئي_ADJ', 'ل_ADP', 'الحصار_NOUN', 'علي_ADP', 'ها_PRON', 'اقامة_NOUN', 'علاقات_NOUN', 'الامارات_NOUN', 'و_CCONJ', 'إسرائيل_NOUN', 'مكافئة_X', 'محانية_ADJ', 'ل_ADP', 'الاحتلال_NOUN', 'الاسرائيلي_ADJ', 'حماس_X', 'منظمة_NOUN', 'ارهابية_ADJ', 'فارسية_ADJ', 'ل_CCONJ', 'أيعني_VERB', 'ها_PRON', 'عدوة_NOUN', 'القضية_NOUN', 'الفلسطينية_ADJ']","['70_O', 'خالد_B-PER', 'مشعل_E-PER', 'نشكر_O', 'السيد_B-PER', 'أردوغان_E-PER', 'علي_O', 'التطبيع_O', 'المثمر_O', 'العدو_O', 'الصهيوني_O', 'سيسفر_S-PER', 'فتح_O', 'قناة_O', 'اتصال_O', 'قوية_O', 'للحركة_O', 'العدو_O', 'فك_O', 'جزئي_O', 'للحصار_O', 'عليها_O', 'اقامة_O', 'علاقات_O', 'الامارات_S-LOC', 'واسرائيل_S-LOC', 'مكافئة_O', 'محانية_O', 'للاحتلال_O', 'الاسرائيلي_O', 'حماس_O', 'منظمة_B-ORG', 'ارهابية_I-ORG', 'فارسية_E-ORG', 'لايعنيها_O', 'عدوة_O', 'القضية_O', 'الفلسطينية_O']",politics
إسماعيل هنية عبر تويتر أهلنا وحبايبنا عُمان الكويت قطر منّا مليون حُب وتحيّة وتقدير واحترام لأصلكم الطيّب ودينكم ونخوتكم وشهامتكم وأخلاقكم ومبدأكم يتجزّأ غزهتقاوم غزةالعزة القدسعاصمةفلسطينالأبدية بوابةالأخبار,AuFIN_036,1392202007008665612,"['إسماعيل_X', 'هنية_X', 'عبر_ADP', 'تويتر_NOUN', 'أهل_NOUN', 'نا_PRON', 'و_CCONJ', 'حبايب_NOUN', 'نا_PRON', 'عُمان_X', 'الكويت_NOUN', 'قطر_NOUN', 'منّا_DET', 'مليون_NUM', 'حُب_NOUN', 'و_CCONJ', 'تحية_NOUN', 'و_CCONJ', 'تقدير_NOUN', 'و_CCONJ', 'احترام_NOUN', 'ل_ADP', 'أصلكم_PRON', 'الطيّب_ADJ', 'و_CCONJ', 'دين_NOUN', 'كم_PRON', 'و_CCONJ', 'نخوة_NOUN', 'كم_PRON', 'و_CCONJ', 'شهامة_NOUN', 'كم_PRON', 'و_CCONJ', 'أخلاق_NOUN', 'كم_PRON', 'و_CCONJ', 'مبدأ_NOUN', 'كم_PRON', 'يتجزّأ_VERB', 'غزهتقاوم_NOUN', 'غزة_NOUN', 'العزة_X', 'القدسعاصمة_X', 'فلسطينالأبدية_X', 'بوابة_NOUN', 'الأخبار_NOUN']","['إسماعيل_B-PER', 'هنية_E-PER', 'عبر_O', 'تويتر_O', 'أهلنا_O', 'وحبايبنا_O', 'عُمان_O', 'الكويت_S-LOC', 'قطر_O', 'منّا_O', 'مليون_O', 'حُب_O', 'وتحيّة_O', 'وتقدير_O', 'واحترام_O', 'لأصلكم_O', 'الطيّب_O', 'ودينكم_O', 'ونخوتكم_O', 'وشهامتكم_O', 'وأخلاقكم_O', 'ومبدأكم_O', 'يتجزّأ_O', 'غزهتقاوم_O', 'غزة_S-LOC', 'العزة_O', 'القدسعاصمة_O', 'فلسطينالأبدية_S-LOC', 'بوابة_O', 'الأخبار_O']",politics
المعارضة الأردنية تحصل صورة مسربة للأمير حمزة شقيق ملك الأردن مكبل اليدين الظهر داخل معتقله قاعدة عسكرية جوية ● الصورة طلبتها والدته ليزا الحلبي للتأكد بأنه بخير,AuFIN_037,1428304625329913867,"['المعارضة_NOUN', 'الأردنية_ADJ', 'تحصل_VERB', 'صورة_NOUN', 'مسربة_ADJ', 'ل_ADP', 'الأمير_NOUN', 'حمزة_X', 'شقيق_NOUN', 'ملك_NOUN', 'الأردن_NOUN', 'مكبل_ADJ', 'اليدين_NOUN', 'الظهر_NOUN', 'داخل_ADP', 'معتقل_NOUN', 'ه_PRON', 'قاعدة_NOUN', 'عسكرية_ADJ', 'جوية_ADJ', '●_ADP', 'الصورة_NOUN', 'طلبة_NOUN', 'ها_PRON', 'والدة_NOUN', 'ه_PRON', 'ليزا_X', 'الحلبي_X', 'ل_ADP', 'التأكد_NOUN', 'ب_ADP', 'أن_SCONJ', 'ه_PRON', 'بخير_ADJ']","['المعارضة_B-ORG', 'الأردنية_E-ORG', 'تحصل_O', 'صورة_O', 'مسربة_O', 'للأمير_O', 'حمزة_B-PER', 'شقيق_E-PER', 'ملك_O', 'الأردن_S-LOC', 'مكبل_O', 'اليدين_O', 'الظهر_O', 'داخل_O', 'معتقله_O', 'قاعدة_O', 'عسكرية_O', 'جوية_O', '●_O', 'الصورة_O', 'طلبتها_O', 'والدته_O', 'ليزا_B-PER', 'الحلبي_E-PER', 'للتأكد_O', 'بأنه_O', 'بخير_O']",politics
ماكرون لسكاي نيوز زيارتي للسيدة فيروز ليلة امس وزيارة محمية ارز جاج تحققت محبة قسم كبير الشعب اللبناني لرئيس جمهوريتهم اخبرتني فيروز تقديرها ومحبتها للرئيس ومشروع الاصلاح يريد تنفيذه رئيس الجمهورية اني احيي رئيس الجمهورية جهوده وصبره,AuFIN_038,1300775894395617280,"['ماكرون_X', 'ل_ADP', 'سكاي_X', 'نيوز_X', 'زيارتي_NOUN', 'ل_ADP', 'السيدة_NOUN', 'فيروز_X', 'ليلة_NOUN', 'امس_ADV', 'و_CCONJ', 'زيارة_NOUN', 'محمية_NOUN', 'ارز_X', 'جاج_X', 'تحققت_VERB', 'محبة_NOUN', 'قسم_NOUN', 'كبير_ADJ', 'الشعب_NOUN', 'اللبناني_ADJ', 'ل_ADP', 'رئيس_NOUN', 'جمهورية_NOUN', 'هم_PRON', 'اخبرتني_X', 'ف_CCONJ', 'يروز_VERB', 'تقدير_NOUN', 'ها_PRON', 'و_CCONJ', 'محبة_NOUN', 'ها_PRON', 'ل_ADP', 'الرئيس_NOUN', 'و_CCONJ', 'مشروع_NOUN', 'الاصلاح_NOUN', 'يريد_VERB', 'تنفيذ_NOUN', 'ه_PRON', 'رئيس_NOUN', 'الجمهورية_NOUN', 'اني_X', 'احيي_X', 'رئيس_NOUN', 'الجمهورية_NOUN', 'جهوده_X', 'وصبره_X']","['ماكرون_S-PER', 'لسكاي_B-PER', 'نيوز_E-PER', 'زيارتي_O', 'للسيدة_O', 'فيروز_S-PER', 'ليلة_O', 'امس_O', 'وزيارة_O', 'محمية_O', 'ارز_B-PER', 'جاج_E-PER', 'تحققت_O', 'محبة_O', 'قسم_O', 'كبير_O', 'الشعب_O', 'اللبناني_O', 'لرئيس_O', 'جمهوريتهم_O', 'اخبرتني_O', 'فيروز_O', 'تقديرها_O', 'ومحبتها_O', 'للرئيس_O', 'ومشروع_O', 'الاصلاح_O', 'يريد_O', 'تنفيذه_O', 'رئيس_O', 'الجمهورية_O', 'اني_O', 'احيي_O', 'رئيس_O', 'الجمهورية_O', 'جهوده_O', 'وصبره_O']",politics
أنباء مرور صاروخ الأجواء الكويتية قادم الجانب العراقي,AuFIN_039,1304057985413591040,"['أنباء_NOUN', 'مرور_NOUN', 'صاروخ_NOUN', 'الأجواء_NOUN', 'الكويتية_ADJ', 'قادم_ADJ', 'الجانب_NOUN', 'العراقي_ADJ']","['أنباء_O', 'مرور_O', 'صاروخ_O', 'الأجواء_O', 'الكويتية_O', 'قادم_O', 'الجانب_O', 'العراقي_O']",politics
القدسعاصمةفلسطينالأبدية كندا تقول القدس عاصمة فلسطين حاجة الاتنين تجيبوا كندا تحكمنا نروح احنا نرجعش,AuFIN_040,938526354907201539,"['القدسعاصمة_NOUN', 'فلسطينالأبدية_ADJ', 'كندا_X', 'تقول_VERB', 'القدس_NOUN', 'عاصمة_NOUN', 'فلسطين_NOUN', 'حاجة_NOUN', 'الاتنين_X', 'تجيبوا_X', 'كندا_X', 'تحكم_VERB', 'نا_PRON', 'نروح_X', 'احنا_X', 'نرجعش_X']","['القدسعاصمة_O', 'فلسطينالأبدية_S-LOC', 'كندا_S-LOC', 'تقول_O', 'القدس_S-LOC', 'عاصمة_O', 'فلسطين_S-LOC', 'حاجة_O', 'الاتنين_O', 'تجيبوا_O', 'كندا_S-LOC', 'تحكمنا_O', 'نروح_O', 'احنا_O', 'نرجعش_O']",politics
اخواني واخواتي واحده عندهم اعراض شاكي ان ده ممكن يكون كورونا ده إختبار مبدئي لتشخيص حالتك أونلاين تقدر تطمن علي نفسك أعراض الكورونا وإنت بيتك وده اللينك بكل تأكيد الاختبار للتقييم المبدئي فقط,AuFIN_041,1265909092205420544,"['اخواني_X', 'و_CCONJ', 'أخواتي_NOUN', 'و_CCONJ', 'أحد_NOUN', 'ه_PRON', 'عند_ADP', 'هم_PRON', 'اعراض_X', 'شاكي_X', 'ان_SCONJ', 'د_VERB', 'ه_PRON', 'ممكن_ADJ', 'يكون_VERB', 'كورونا_X', 'ده_X', 'إختبار_NOUN', 'مبدئي_ADJ', 'ل_ADP', 'تشخيص_NOUN', 'حالة_NOUN', 'ك_PRON', 'أونلاين_X', 'تقدر_VERB', 'تطمن_VERB', 'علي_ADP', 'نفس_NOUN', 'ك_PRON', 'أعراض_NOUN', 'الكورونا_X', 'و_CCONJ', 'إنت_PRON', 'ب_ADP', 'يتك_NOUN', 'وده_X', 'اللينك_NOUN', 'ب_ADP', 'كل_NOUN', 'تأكيد_NOUN', 'الاختبار_NOUN', 'ل_ADP', 'التقييم_NOUN', 'المبدئي_ADJ', 'فقط_ADV']","['اخواني_O', 'واخواتي_O', 'واحده_O', 'عندهم_O', 'اعراض_O', 'شاكي_O', 'ان_O', 'ده_O', 'ممكن_O', 'يكون_O', 'كورونا_O', 'ده_O', 'إختبار_O', 'مبدئي_O', 'لتشخيص_O', 'حالتك_O', 'أونلاين_O', 'تقدر_O', 'تطمن_O', 'علي_O', 'نفسك_O', 'أعراض_O', 'الكورونا_S-MISC', 'وإنت_O', 'بيتك_O', 'وده_O', 'اللينك_O', 'بكل_O', 'تأكيد_O', 'الاختبار_O', 'للتقييم_O', 'المبدئي_O', 'فقط_O']",health
التطعيم مؤامرة نتفق أنه علامة استفهام فشركة زين للاتصالات الكويت ارتكبت خطأً كبيراً يوجب التصحيح سريعاً مليونينورنجمهردكتورهيومي الرياضالان,AuFIN_042,1377274435221262337,"['التطعيم_NOUN', 'مؤامرة_NOUN', 'نتفق_X', 'أن_SCONJ', 'ه_PRON', 'علامة_NOUN', 'استفهام_NOUN', 'ف_CCONJ', 'شركة_NOUN', 'زين_X', 'ل_ADP', 'الاتصالات_NOUN', 'الكويت_NOUN', 'ارتكبت_VERB', 'خطأً_NOUN', 'كبيراً_ADJ', 'يوجب_VERB', 'التصحيح_NOUN', 'سريعاً_ADJ', 'مليونينورنجمهردكتورهيومي_X', 'الرياضالان_NOUN']","['التطعيم_O', 'مؤامرة_O', 'نتفق_O', 'أنه_O', 'علامة_O', 'استفهام_O', 'فشركة_O', 'زين_O', 'للاتصالات_O', 'الكويت_S-LOC', 'ارتكبت_O', 'خطأً_O', 'كبيراً_O', 'يوجب_O', 'التصحيح_O', 'سريعاً_O', 'مليونينورنجمهردكتورهيومي_O', 'الرياضالان_O']",health
انباء تسجيل إصابة بالفطر الأسود السلالة الهندية محافظة البصرة,AuFIN_043,1398996681081901060,"['انباء_NOUN', 'تسجيل_NOUN', 'إصابة_NOUN', 'ب_ADP', 'الفطر_NOUN', 'الأسود_ADJ', 'السلالة_NOUN', 'الهندية_ADJ', 'محافظة_NOUN', 'البصرة_NOUN']","['انباء_O', 'تسجيل_O', 'إصابة_O', 'بالفطر_O', 'الأسود_O', 'السلالة_O', 'الهندية_O', 'محافظة_O', 'البصرة_S-LOC']",health
الاستاذة سناءالشمري إدارة مجموعة الواتساب المحاماة والقانون أرسلت خبر متداول رغم تلقيها الجرعة الثانية اللقاح ان كورونا يدخل مواطنة العناية المركزة لاحول ولاقوة بالله لذلك نطالب وزارة الصحة الكشف عدد المصابين تلقوا اللقاح,AuFIN_044,1360935258997276673,"['الاستاذة_NOUN', 'سناءالشمري_X', 'إدارة_NOUN', 'مجموعة_NOUN', 'الواتساب_NOUN', 'المحاماة_NOUN', 'و_CCONJ', 'القانون_NOUN', 'أرسلت_VERB', 'خبر_NOUN', 'متداول_ADJ', 'رغم_ADP', 'تلقي_NOUN', 'ها_PRON', 'الجرعة_NOUN', 'الثانية_ADJ', 'اللقاح_X', 'ان_SCONJ', 'كورونا_X', 'يدخل_VERB', 'مواطنة_NOUN', 'العناية_NOUN', 'المركزة_ADJ', 'ل_ADP', 'أحول_ADJ', 'ولاقوة_X', 'ب_ADP', 'اللٰه_NOUN', 'ل_ADP', 'ذٰلك_DET', 'نطالب_X', 'وزارة_NOUN', 'الصحة_NOUN', 'الكشف_NOUN', 'عدد_NOUN', 'المصابين_ADJ', 'تلقوا_VERB', 'اللقاح_NOUN']","['الاستاذة_O', 'سناءالشمري_O', 'إدارة_O', 'مجموعة_O', 'الواتساب_O', 'المحاماة_O', 'والقانون_O', 'أرسلت_O', 'خبر_O', 'متداول_O', 'رغم_O', 'تلقيها_O', 'الجرعة_O', 'الثانية_O', 'اللقاح_O', 'ان_O', 'كورونا_S-PER', 'يدخل_O', 'مواطنة_O', 'العناية_O', 'المركزة_O', 'لاحول_O', 'ولاقوة_O', 'بالله_O', 'لذلك_O', 'نطالب_O', 'وزارة_O', 'الصحة_O', 'الكشف_O', 'عدد_O', 'المصابين_O', 'تلقوا_O', 'اللقاح_O']",health
شاهد سقوط قطري بشكل مفاجئ داخل سوبر ماركت الدوحة وشكوك حول إصابته بكورونا,AuFIN_045,1253858765125935104,"['شاهد_NOUN', 'سقوط_NOUN', 'قطري_ADJ', 'ب_ADP', 'شكل_NOUN', 'مفاجئ_ADJ', 'داخل_ADP', 'سوبر_X', 'ماركت_X', 'الدوحة_NOUN', 'و_CCONJ', 'شكوك_NOUN', 'حول_ADP', 'إصابته_NOUN', 'بكورونا_X']","['شاهد_O', 'سقوط_O', 'قطري_O', 'بشكل_O', 'مفاجئ_O', 'داخل_O', 'سوبر_O', 'ماركت_B-LOC', 'الدوحة_E-LOC', 'وشكوك_O', 'حول_O', 'إصابته_O', 'بكورونا_S-PER']",health
كوبا تعلن نجاح لقاحها《 عبد الله 》بنسبة 92 العالم كله يتحدث اليوم اعلان كوبا نجاح لقاحها اطلقت اسم عبدلله بنسبة 9228 وبثلاث جرعات ضد كورونا ستباشر التطعيم اعتبارا الاول المقبل اعلنت دولة فنزويلا اعتماده رسميا,AuFIN_046,1409087616650297351,"['كوبا_X', 'تعلن_VERB', 'نجاح_NOUN', 'لقاح_NOUN', 'ها_PRON', '《_PUNCT', 'عبد_X', 'الله_X', '<UNK>_PUNCT', 'بنسبة_X', '92_NUM', 'العالم_NOUN', 'كل_NOUN', 'ه_PRON', 'يتحدث_VERB', 'اليوم_NOUN', 'اعلان_NOUN', 'كوبا_X', 'نجاح_NOUN', 'لقاح_NOUN', 'ها_PRON', 'اطلقت_VERB', 'اسم_NOUN', 'عبدل_NOUN', 'ه_PRON', 'ب_ADP', 'نسبة_NOUN', '9228_NUM', 'و_CCONJ', 'ب_ADP', 'ثلاث_NUM', 'جرعات_NOUN', 'ضد_ADP', 'كورونا_X', 'س_AUX', 'تباشر_VERB', 'التطعيم_NOUN', 'اعتبارا_NOUN', 'الاول_ADJ', 'المقبل_ADJ', 'اعلنت_VERB', 'دولة_NOUN', 'فنزويلا_X', 'اعتماد_NOUN', 'ه_PRON', 'رسميا_ADJ']","['كوبا_S-LOC', 'تعلن_O', 'نجاح_O', 'لقاحها_O', '《_O', 'عبد_B-PER', 'الله_E-PER', '》بنسبة_O', '92_O', 'العالم_O', 'كله_O', 'يتحدث_O', 'اليوم_O', 'اعلان_O', 'كوبا_S-LOC', 'نجاح_O', 'لقاحها_O', 'اطلقت_O', 'اسم_O', 'عبدلله_O', 'بنسبة_O', '9228_O', 'وبثلاث_O', 'جرعات_O', 'ضد_O', 'كورونا_S-LOC', 'ستباشر_O', 'التطعيم_O', 'اعتبارا_O', 'الاول_O', 'المقبل_O', 'اعلنت_O', 'دولة_O', 'فنزويلا_S-LOC', 'اعتماده_O', 'رسميا_O']",health
الوفد الطبي الجزائري تم إرساله لبنان تم وضع أعضائه الحجر الصحي اكتشاف إصابة أحدهم بفيروس كورونا الجزائر,AuFIN_047,1292983079125110784,"['الوفد_NOUN', 'الطبي_ADJ', 'الجزائري_ADJ', 'تم_VERB', 'إرسال_NOUN', 'ه_PRON', 'لبنان_NOUN', 'تم_VERB', 'وضع_NOUN', 'أعضاء_NOUN', 'ه_PRON', 'الحجر_NOUN', 'الصحي_ADJ', 'اكتشاف_NOUN', 'إصابة_NOUN', 'أحد_NOUN', 'هم_PRON', 'ب_ADP', 'فيروس_NOUN', 'كورونا_X', 'الجزائر_NOUN']","['الوفد_B-ORG', 'الطبي_I-ORG', 'الجزائري_E-ORG', 'تم_O', 'إرساله_O', 'لبنان_S-LOC', 'تم_O', 'وضع_O', 'أعضائه_O', 'الحجر_O', 'الصحي_O', 'اكتشاف_O', 'إصابة_O', 'أحدهم_O', 'بفيروس_O', 'كورونا_B-LOC', 'الجزائر_E-LOC']",health
تلبس الكمامة الأماكن المفتوحة تلبسها تقود السيارة تلبسها وأنت سليم الإزدحام لابد لبسها تلبسها لمدة تتجاوز 15 دقيقة لماذا انظر للصورة,AuFIN_048,1304207196754972672,"['تلبس_VERB', 'الكمامة_NOUN', 'الأماكن_NOUN', 'المفتوحة_ADJ', 'تلبس_VERB', 'ها_PRON', 'تقود_VERB', 'السيارة_NOUN', 'تلبس_VERB', 'ها_PRON', 'و_CCONJ', 'أنت_PRON', 'سليم_X', 'الإزدحام_NOUN', 'لابد_X', 'ل_ADP', 'بسها_NOUN', 'تلبس_VERB', 'ها_PRON', 'ل_ADP', 'مدة_NOUN', 'تتجاوز_VERB', '15_NUM', 'دقيقة_NOUN', 'ل_ADP', 'ماذا_DET', 'انظر_VERB', 'ل_ADP', 'الصورة_NOUN']","['تلبس_O', 'الكمامة_O', 'الأماكن_O', 'المفتوحة_O', 'تلبسها_O', 'تقود_O', 'السيارة_O', 'تلبسها_O', 'وأنت_O', 'سليم_O', 'الإزدحام_O', 'لابد_O', 'لبسها_O', 'تلبسها_O', 'لمدة_O', 'تتجاوز_O', '15_O', 'دقيقة_O', 'لماذا_O', 'انظر_O', 'للصورة_O']",health
كادوريم سأوفر دفعة أولى اللقاح الصيني أحتاج موافقة الدولة التونسية,AuFIN_049,1348876821157326853,"['كادوريم_X', 'س_AUX', 'أوفر_X', 'دفعة_NOUN', 'أولى_ADJ', 'اللقاح_NOUN', 'الصيني_ADJ', 'أحتاج_X', 'موافقة_NOUN', 'الدولة_NOUN', 'التونسية_ADJ']","['كادوريم_B-PER', 'سأوفر_E-PER', 'دفعة_O', 'أولى_O', 'اللقاح_O', 'الصيني_O', 'أحتاج_O', 'موافقة_O', 'الدولة_O', 'التونسية_O']",health
عبله الكحلاوي ذمه الله  ادعولها بالرحمه ,AuFIN_050,1274227442677362694,"['عبل_NOUN', 'ه_PRON', 'الكحلاوي_X', 'ذمه_X', 'الله_X', 'ادعولها_X', 'بالرحمه_NOUN']","['عبله_O', 'الكحلاوي_O', 'ذمه_O', 'الله_O', 'ادعولها_O', 'بالرحمه_O']",health
رسميا عوده مرتضي منصور رئيسا للزمالك طريق المحكمه,AuFIN_051,1431941468952870912,"['رسميا_ADJ', 'عود_NOUN', 'ه_PRON', 'مرتضي_X', 'منصور_X', 'رئيسا_NOUN', 'ل_ADP', 'الزمالك_NOUN', 'طريق_NOUN', 'المحكمه_NOUN']","['رسميا_O', 'عوده_O', 'مرتضي_B-PER', 'منصور_E-PER', 'رئيسا_O', 'للزمالك_O', 'طريق_O', 'المحكمه_O']",sports
تقارير مغربية باكاري جاساما حكم لقاء العودة الأهلي الوداد 195سبورتس,AuFIN_052,1318997109409013763,"['تقارير_NOUN', 'مغربية_ADJ', 'باكاري_X', 'جاساما_X', 'حكم_NOUN', 'لقاء_NOUN', 'العودة_NOUN', 'الأهلي_ADJ', 'الوداد_X', '195_NUM', 'سبورتس_X']","['تقارير_O', 'مغربية_O', 'باكاري_B-PER', 'جاساما_E-PER', 'حكم_O', 'لقاء_O', 'العودة_O', 'الأهلي_O', 'الوداد_O', '195_O', 'سبورتس_S-ORG']",sports
انباء وفاة لاعبة الجودو السعودية تهاني القحطاني انهزمت لاعبة اسرائيلية,AuFIN_053,1421626698899001350,"['انباء_NOUN', 'وفاة_NOUN', 'لاعبة_NOUN', 'الجودو_NOUN', 'السعودية_ADJ', 'تهاني_X', 'القحطاني_X', 'انهزمت_VERB', 'لاعبة_NOUN', 'اسرائيلية_ADJ']","['انباء_O', 'وفاة_O', 'لاعبة_O', 'الجودو_O', 'السعودية_S-LOC', 'تهاني_O', 'القحطاني_S-PER', 'انهزمت_O', 'لاعبة_O', 'اسرائيلية_O']",sports
حقق نادي باريسسانجيرمان الفرنسي أرباحاً خيالية اقتربت 100 مليون بيعه 800 قميص تحمل إسم النجم الأرجنتيني ليونيلميسي طرحها للبيع يوم الأربعاء خلال أسبوع فقط,AuFIN_054,1428285565905117187,"['حقق_VERB', 'نادي_X', 'باريسسانجيرمان_X', 'الفرنسي_ADJ', 'أرباحاً_NOUN', 'خيالية_ADJ', 'اقتربت_VERB', '100_NUM', 'مليون_NUM', 'بيع_NOUN', 'ه_PRON', '800_NUM', 'قميص_NOUN', 'تحمل_VERB', 'إسم_NOUN', 'النجم_NOUN', 'الأرجنتيني_ADJ', 'ليونيلميسي_X', 'طرح_NOUN', 'ها_PRON', 'ل_ADP', 'البيع_NOUN', 'يوم_NOUN', 'الأربعاء_NOUN', 'خلال_ADP', 'أسبوع_NOUN', 'فقط_ADV']","['حقق_O', 'نادي_B-ORG', 'باريسسانجيرمان_I-ORG', 'الفرنسي_E-ORG', 'أرباحاً_O', 'خيالية_O', 'اقتربت_O', '100_O', 'مليون_O', 'بيعه_O', '800_O', 'قميص_O', 'تحمل_O', 'إسم_O', 'النجم_O', 'الأرجنتيني_O', 'ليونيلميسي_S-LOC', 'طرحها_O', 'للبيع_O', 'يوم_O', 'الأربعاء_O', 'خلال_O', 'أسبوع_O', 'فقط_O']",sports
 قرر الاتحاد السعودي منع لقب العالمي أندية الدوري ويحظر الأندية استخدامها سواء اللافتات داخل الملاعب عبر المواقع الأندية,AuFIN_055,1333109113912520705,"['قرر_VERB', 'الاتحاد_NOUN', 'السعودي_ADJ', 'منع_NOUN', 'لقب_NOUN', 'العالمي_ADJ', 'أندية_NOUN', 'الدوري_NOUN', 'و_CCONJ', 'يحظر_VERB', 'الأندية_NOUN', 'استخدام_NOUN', 'ها_PRON', 'سواء_NOUN', 'اللافتات_NOUN', 'داخل_ADP', 'الملاعب_NOUN', 'عبر_ADP', 'المواقع_NOUN', 'الأندية_ADJ']","['قرر_O', 'الاتحاد_B-ORG', 'السعودي_E-ORG', 'منع_O', 'لقب_O', 'العالمي_O', 'أندية_O', 'الدوري_O', 'ويحظر_O', 'الأندية_O', 'استخدامها_O', 'سواء_O', 'اللافتات_O', 'داخل_O', 'الملاعب_O', 'عبر_O', 'المواقع_O', 'الأندية_O']",sports
الحكم المغربي يعتذر للاعبي الأهلي احتسابه ركلة جزاء,AuFIN_056,1368548501374726145,"['الحكم_NOUN', 'المغربي_ADJ', 'يعتذر_VERB', 'ل_ADP', 'الأعبي_NOUN', 'الأهلي_ADJ', 'احتساب_NOUN', 'ه_PRON', 'ركلة_NOUN', 'جزاء_NOUN']","['الحكم_O', 'المغربي_O', 'يعتذر_O', 'للاعبي_O', 'الأهلي_O', 'احتسابه_O', 'ركلة_O', 'جزاء_O']",sports
لاعب إنتر ميلان الدنماركي كريستيان إريكسن يسقط أرض الملعب الهواء مباشرة نتيجة التهاب عضلة القلب تلقى لقاح فايزر 12 يومًا,AuFIN_057,1404204436407263234,"['لاعب_NOUN', 'إنتر_X', 'ميلان_X', 'الدنماركي_ADJ', 'كريستيان_X', 'إريكسن_X', 'يسقط_VERB', 'أرض_NOUN', 'الملعب_NOUN', 'الهواء_NOUN', 'مباشرة_NOUN', 'نتيجة_NOUN', 'التهاب_NOUN', 'عضلة_NOUN', 'القلب_NOUN', 'تلقى_VERB', 'ل_ADP', 'قاح_NOUN', 'فايزر_X', '12_NUM', 'يومًا_NOUN']","['لاعب_O', 'إنتر_B-ORG', 'ميلان_E-ORG', 'الدنماركي_O', 'كريستيان_B-PER', 'إريكسن_E-PER', 'يسقط_O', 'أرض_O', 'الملعب_O', 'الهواء_O', 'مباشرة_O', 'نتيجة_O', 'التهاب_O', 'عضلة_O', 'القلب_O', 'تلقى_O', 'لقاح_B-MISC', 'فايزر_E-MISC', '12_O', 'يومًا_O']",sports
السبّاح السعودي أحمد جبريل حصل المركز ٤٧ الأولمبياد أصل ٤٧ مشترك  منيح غرق كمان  لاياالله,AuFIN_058,1227519996143775744,"['السبّاح_NOUN', 'السعودي_ADJ', 'أحمد_X', 'جبريل_X', 'حصل_VERB', 'المركز_NOUN', '٤٧_NUM', 'الأولمبياد_NOUN', 'أصل_NOUN', '٤٧_NUM', 'مشترك_NOUN', 'منيح_ADJ', 'غرق_NOUN', 'كمان_X', 'لاياالله_X']","['السبّاح_O', 'السعودي_O', 'أحمد_B-PER', 'جبريل_E-PER', 'حصل_O', 'المركز_O', '٤٧_O', 'الأولمبياد_O', 'أصل_O', '٤٧_O', 'مشترك_O', 'منيح_O', 'غرق_O', 'كمان_O', 'لاياالله_O']",sports
أحمد موسى مصر نجحت تنظيم مونديال اليد وقطر سرقت فكرة الفقاعة مننا فيديو,AuFIN_059,1355985045916409865,"['أحمد_X', 'موسى_X', 'مصر_NOUN', 'نجحت_VERB', 'تنظيم_NOUN', 'مونديال_NOUN', 'اليد_NOUN', 'وقطر_CCONJ', 'سرقت_VERB', 'فكرة_NOUN', 'الفقاعة_NOUN', 'مننا_X', 'فيديو_X']","['أحمد_B-PER', 'موسى_E-PER', 'مصر_S-LOC', 'نجحت_O', 'تنظيم_O', 'مونديال_O', 'اليد_O', 'وقطر_O', 'سرقت_O', 'فكرة_O', 'الفقاعة_O', 'مننا_O', 'فيديو_O']",sports
عاجل         طرد حفيظ دراجي قنوات ان سبورت صحة الخبر,AuFIN_060,1428347808860442632,"['عاجل_ADJ', 'طرد_NOUN', 'حفيظ_X', 'دراجي_X', 'قنوات_NOUN', 'ان_SCONJ', 'سبورت_X', 'صحة_NOUN', 'الخبر_NOUN']","['عاجل_O', 'طرد_O', 'حفيظ_O', 'دراجي_O', 'قنوات_O', 'ان_O', 'سبورت_S-ORG', 'صحة_O', 'الخبر_O']",sports
حمدبنجاسم غرّد حُذفت التغريدة,AuFIN_061,1257394489251041282,"['حمدبنجاسم_X', 'غرّد_X', 'حُذفت_VERB', 'التغريدة_NOUN']","['حمدبنجاسم_O', 'غرّد_O', 'حُذفت_O', 'التغريدة_O']",politics
مفتي تركيا تطاول العرب اردوغان وزوجته يختلف التطاول الرسول وزوجته طيب دا يترد إزاي,AuFIN_062,1321153279993257988,"['مفتي_X', 'تركيا_X', 'تطاول_VERB', 'العرب_NOUN', 'اردوغان_X', 'و_CCONJ', 'زوجة_NOUN', 'ه_PRON', 'يختلف_VERB', 'التطاول_NOUN', 'الرسول_X', 'و_CCONJ', 'زوجة_NOUN', 'ه_PRON', 'طيب_X', 'دا_X', 'يترد_VERB', 'إزاي_X']","['مفتي_O', 'تركيا_S-LOC', 'تطاول_O', 'العرب_S-PER', 'اردوغان_O', 'وزوجته_O', 'يختلف_O', 'التطاول_O', 'الرسول_O', 'وزوجته_O', 'طيب_O', 'دا_O', 'يترد_O', 'إزاي_O']",politics
اردوغان سنقوم بتدريس ثورة 30 المجيده الجامعات التركيه بدأ العام الدراسي القادم لانها ثورة شعب حماها الجيش المصري بقوة ويارب تكونوا راضي عني سيسي,AuFIN_063,1370500552795299841,"['اردوغان_X', 'س_AUX', 'نقوم_VERB', 'ب_ADP', 'تدريس_NOUN', 'ثورة_NOUN', '30_NUM', 'المجيده_ADJ', 'الجامعات_NOUN', 'التركيه_ADJ', 'بدأ_VERB', 'العام_NOUN', 'الدراسي_ADJ', 'القادم_ADJ', 'لأن_CCONJ', 'ها_PRON', 'ثورة_NOUN', 'شعب_NOUN', 'حمى_NOUN', 'ها_PRON', 'الجيش_NOUN', 'المصري_ADJ', 'ب_ADP', 'قوة_NOUN', 'ويارب_CCONJ', 'تكونوا_VERB', 'راضي_X', 'عني_X', 'سيسي_X']","['اردوغان_O', 'سنقوم_O', 'بتدريس_O', 'ثورة_O', '30_O', 'المجيده_O', 'الجامعات_O', 'التركيه_O', 'بدأ_O', 'العام_O', 'الدراسي_O', 'القادم_O', 'لانها_O', 'ثورة_O', 'شعب_O', 'حماها_O', 'الجيش_O', 'المصري_O', 'بقوة_O', 'ويارب_O', 'تكونوا_O', 'راضي_O', 'عني_O', 'سيسي_S-PER']",politics
العفو الارهابيين أمر يتولاه الله اما عملي فهو إرسالهم إليه فلاديمير بوتن,AuFIN_064,1354806175972225033,"['العفو_NOUN', 'الارهابيين_ADJ', 'أمر_NOUN', 'يتولاه_X', 'الله_NOUN', 'اما_PART', 'عملي_ADJ', 'ف_CCONJ', 'هو_PRON', 'إرسال_NOUN', 'هم_PRON', 'إلي_ADP', 'ه_PRON', 'فلاديمير_X', 'بوتن_X']","['العفو_O', 'الارهابيين_O', 'أمر_O', 'يتولاه_O', 'الله_O', 'اما_O', 'عملي_O', 'فهو_O', 'إرسالهم_O', 'إليه_O', 'فلاديمير_B-PER', 'بوتن_E-PER']",politics
اليوم وزير الدفاع التركي اليوم زار طرابلس تنسيق الحكومة الليبية الجديدة وكان استقباله السفير التركي ضباط بالجيش التركي ويقوم باجتماع قادة أتراك قاعدة معيتيقه ولم يلتقي بأي مسؤول ليبي الحكومة او الرئاسي وغادر ليبيا علي اعتقد اسمه أحتلال رسمي العوض,AuFIN_065,1403479998900670467,"['اليوم_NOUN', 'وزير_NOUN', 'الدفاع_NOUN', 'التركي_ADJ', 'اليوم_NOUN', 'زار_VERB', 'طرابلس_NOUN', 'تنسيق_NOUN', 'الحكومة_NOUN', 'الليبية_ADJ', 'الجديدة_ADJ', 'و_CCONJ', 'كان_VERB', 'استقبال_NOUN', 'ه_PRON', 'السفير_NOUN', 'التركي_ADJ', 'ضباط_NOUN', 'ب_ADP', 'الجيش_NOUN', 'التركي_ADJ', 'و_CCONJ', 'يقوم_VERB', 'ب_ADP', 'اجتماع_NOUN', 'قادة_NOUN', 'أتراك_NOUN', 'قاعدة_NOUN', 'معيتيق_NOUN', 'ه_PRON', 'و_CCONJ', 'لم_PART', 'يلتقي_VERB', 'ب_ADP', 'أي_ADJ', 'مسؤول_NOUN', 'ليبي_ADJ', 'الحكومة_NOUN', 'او_CCONJ', 'الرئاسي_ADJ', 'و_CCONJ', 'غادر_VERB', 'ليبيا_X', 'علي_X', 'اعتقد_X', 'اسم_NOUN', 'ه_PRON', 'أحتلال_NOUN', 'رسمي_ADJ', 'العوض_X']","['اليوم_O', 'وزير_O', 'الدفاع_B-ORG', 'التركي_E-ORG', 'اليوم_O', 'زار_O', 'طرابلس_S-LOC', 'تنسيق_O', 'الحكومة_B-ORG', 'الليبية_E-ORG', 'الجديدة_O', 'وكان_O', 'استقباله_O', 'السفير_O', 'التركي_O', 'ضباط_O', 'بالجيش_B-ORG', 'التركي_E-ORG', 'ويقوم_O', 'باجتماع_O', 'قادة_O', 'أتراك_S-PER', 'قاعدة_O', 'معيتيقه_O', 'ولم_O', 'يلتقي_O', 'بأي_O', 'مسؤول_O', 'ليبي_O', 'الحكومة_O', 'او_O', 'الرئاسي_O', 'وغادر_O', 'ليبيا_S-LOC', 'علي_O', 'اعتقد_O', 'اسمه_O', 'أحتلال_O', 'رسمي_O', 'العوض_O']",politics
أفيخاي أدرعي يقول معركتنا الإخوان المسلمين غساعدونا الإخوة العرب منكم معه ومنهم منكم يقف معهم حربهم مسلمين,AuFIN_066,1296436152094924800,"['أفيخاي_X', 'أدرعي_X', 'يقول_VERB', 'معركة_NOUN', 'نا_PRON', 'الإخوان_NOUN', 'المسلمين_ADJ', 'غساعدونا_VERB', 'الإخوة_NOUN', 'العرب_ADJ', 'من_ADP', 'كم_PRON', 'مع_ADP', 'ه_PRON', 'و_CCONJ', 'من_ADP', 'هم_PRON', 'من_ADP', 'كم_DET', 'يقف_VERB', 'مع_ADP', 'هم_PRON', 'حرب_NOUN', 'هم_PRON', 'مسلمين_ADJ']","['أفيخاي_B-PER', 'أدرعي_E-PER', 'يقول_O', 'معركتنا_O', 'الإخوان_O', 'المسلمين_S-PER', 'غساعدونا_O', 'الإخوة_O', 'العرب_S-PER', 'منكم_O', 'معه_O', 'ومنهم_O', 'منكم_O', 'يقف_O', 'معهم_O', 'حربهم_O', 'مسلمين_S-PER']",politics
انضمام مصرلاعضاءالناتو دول اعضاء الناتو اعلن ان مصر جزء القوات الخاصة بالتحالف وتم رفع مصر مراكب التحالف ,AuFIN_067,1335734238176534536,"['انضمام_NOUN', 'مصرلاعضاءالناتو_NOUN', 'دول_NOUN', 'اعضاء_NOUN', 'الناتو_X', 'اعلن_VERB', 'ان_SCONJ', 'مصر_NOUN', 'جزء_NOUN', 'القوات_NOUN', 'الخاصة_ADJ', 'ب_ADP', 'التحالف_NOUN', 'و_CCONJ', 'تم_VERB', 'رفع_NOUN', 'مصر_NOUN', 'مراكب_NOUN', 'التحالف_NOUN']","['انضمام_O', 'مصرلاعضاءالناتو_S-LOC', 'دول_O', 'اعضاء_O', 'الناتو_S-ORG', 'اعلن_O', 'ان_O', 'مصر_S-LOC', 'جزء_O', 'القوات_O', 'الخاصة_O', 'بالتحالف_O', 'وتم_O', 'رفع_O', 'مصر_S-LOC', 'مراكب_O', 'التحالف_O']",politics
سعد الحريري يعلن مساعدات مصر منتهية الصلاحية,AuFIN_068,1291938144485613571,"['سعد_X', 'الحريري_X', 'يعلن_VERB', 'مساعدات_NOUN', 'مصر_NOUN', 'منتهية_ADJ', 'الصلاحية_NOUN']","['سعد_B-PER', 'الحريري_E-PER', 'يعلن_O', 'مساعدات_O', 'مصر_S-LOC', 'منتهية_O', 'الصلاحية_O']",politics
توافق السعودية السماح بتحليق طائرة تدشَّن خط الطيران تلأبيب أبوظبي المجال الجوي السعودي وذلك عملاً بمقاطعة إسرائيل وعدم السماح لطيران عال الإسرائيلي شركة طيران إسرائيلية متجهة وإلى مطار بن غورين بالتحليق صحيفة جيروزليم بوست الأسرائيلية,AuFIN_069,1300101273052565504,"['توافق_VERB', 'السعودية_NOUN', 'السماح_NOUN', 'ب_ADP', 'تحليق_NOUN', 'طائرة_NOUN', 'تدشَّن_VERB', 'خط_NOUN', 'الطيران_NOUN', 'تلأبيب_NOUN', 'أبوظبي_X', 'المجال_NOUN', 'الجوي_ADJ', 'السعودي_ADJ', 'و_CCONJ', 'ذٰلك_DET', 'عملاً_NOUN', 'ب_ADP', 'مقاطعة_NOUN', 'إسرائيل_NOUN', 'و_CCONJ', 'عدم_NOUN', 'السماح_NOUN', 'ل_ADP', 'طيران_NOUN', 'عال_X', 'الإسرائيلي_ADJ', 'شركة_NOUN', 'طيران_NOUN', 'إسرائيلية_ADJ', 'متجهة_ADJ', 'و_CCONJ', 'إلى_ADP', 'مطار_NOUN', 'بن_PROPN', 'غورين_X', 'ب_ADP', 'التحليق_NOUN', 'صحيفة_NOUN', 'جيروزليم_X', 'بوست_X', 'الأسرائيلية_ADJ']","['توافق_O', 'السعودية_S-LOC', 'السماح_O', 'بتحليق_O', 'طائرة_O', 'تدشَّن_O', 'خط_O', 'الطيران_O', 'تلأبيب_O', 'أبوظبي_O', 'المجال_O', 'الجوي_O', 'السعودي_O', 'وذلك_O', 'عملاً_O', 'بمقاطعة_O', 'إسرائيل_S-LOC', 'وعدم_O', 'السماح_O', 'لطيران_O', 'عال_O', 'الإسرائيلي_O', 'شركة_B-ORG', 'طيران_I-ORG', 'إسرائيلية_E-ORG', 'متجهة_O', 'وإلى_O', 'مطار_B-LOC', 'بن_I-LOC', 'غورين_E-LOC', 'بالتحليق_O', 'صحيفة_O', 'جيروزليم_B-LOC', 'بوست_I-LOC', 'الأسرائيلية_E-LOC']",politics
فقدان 15 جندي أمريكي كانوا دورية قرب قاعدة التنف واظنهم قضوا الضربة الصاروخيةفي دير الزور الامريكي لايريد الاعتراف بقتلاه,AuFIN_070,1374435390279446539,"['فقدان_NOUN', '15_NUM', 'جندي_NOUN', 'أمريكي_ADJ', 'كانوا_AUX', 'دورية_NOUN', 'قرب_ADP', 'قاعدة_NOUN', 'التنف_NOUN', 'و_CCONJ', 'اظن_VERB', 'هم_PRON', 'قضوا_VERB', 'الضربة_NOUN', 'الصاروخيةفي_ADJ', 'دير_X', 'الزور_NOUN', 'الامريكي_ADJ', 'لا_PART', 'يريد_VERB', 'الاعتراف_NOUN', 'بقتلاه_X']","['فقدان_O', '15_O', 'جندي_O', 'أمريكي_O', 'كانوا_O', 'دورية_O', 'قرب_O', 'قاعدة_O', 'التنف_S-LOC', 'واظنهم_O', 'قضوا_O', 'الضربة_O', 'الصاروخيةفي_O', 'دير_B-LOC', 'الزور_E-LOC', 'الامريكي_O', 'لايريد_S-PER', 'الاعتراف_O', 'بقتلاه_O']",politics
المغرب موريتانيا صورة للتأمل  وصول الطائرة المغربية موريتانيا وهي محملة بشحنة كبيرة لقاحات كورونا,AuFIN_071,1399108616444121094,"['المغرب_NOUN', 'موريتانيا_X', 'صورة_NOUN', 'ل_ADP', 'التأمل_NOUN', 'وصول_NOUN', 'الطائرة_NOUN', 'المغربية_ADJ', 'موريتانيا_X', 'و_CCONJ', 'هي_PRON', 'محملة_ADJ', 'ب_ADP', 'شحنة_NOUN', 'كبيرة_ADJ', 'ل_ADP', 'قاحات_NOUN', 'كورونا_X']","['المغرب_S-LOC', 'موريتانيا_S-LOC', 'صورة_O', 'للتأمل_O', 'وصول_O', 'الطائرة_O', 'المغربية_O', 'موريتانيا_S-LOC', 'وهي_O', 'محملة_O', 'بشحنة_O', 'كبيرة_O', 'لقاحات_O', 'كورونا_S-LOC']",health
العراق — وزارة الصحة تطالب بإغلاق الحدود إيران خوفا انتشار كورونا,AuFIN_072,1230432573899333632,"['العراق_NOUN', '—_PUNCT', 'وزارة_NOUN', 'الصحة_NOUN', 'تطالب_VERB', 'ب_ADP', 'إغلاق_NOUN', 'الحدود_NOUN', 'إيران_NOUN', 'خوفا_NOUN', 'انتشار_NOUN', 'كورونا_X']","['العراق_S-LOC', '—_O', 'وزارة_O', 'الصحة_O', 'تطالب_O', 'بإغلاق_O', 'الحدود_O', 'إيران_S-LOC', 'خوفا_O', 'انتشار_O', 'كورونا_S-LOC']",health
المملكة الاردنية الهاشمية مرور أسبوع تسجيل إصابة جديدة بفيروس كورونا وشفاء عدد كبير المصابين ترفع القيود الصحية وتعيد الحياة لطبيعتها  الفال يارب العالمين   الأردن,AuFIN_073,1257719341086314498,"['المملكة_NOUN', 'الاردنية_ADJ', 'الهاشمية_ADJ', 'مرور_NOUN', 'أسبوع_NOUN', 'تسجيل_NOUN', 'إصابة_NOUN', 'جديدة_ADJ', 'ب_ADP', 'فيروس_NOUN', 'كورونا_X', 'و_CCONJ', 'شفاء_NOUN', 'عدد_NOUN', 'كبير_ADJ', 'المصابين_ADJ', 'ترفع_VERB', 'القيود_NOUN', 'الصحية_ADJ', 'و_CCONJ', 'تعيد_VERB', 'الحياة_NOUN', 'ل_ADP', 'طبيعة_NOUN', 'ها_PRON', 'الفال_X', 'يارب_X', 'العالمين_NOUN', 'الأردن_NOUN']","['المملكة_B-LOC', 'الاردنية_I-LOC', 'الهاشمية_E-LOC', 'مرور_O', 'أسبوع_O', 'تسجيل_O', 'إصابة_O', 'جديدة_O', 'بفيروس_O', 'كورونا_O', 'وشفاء_O', 'عدد_O', 'كبير_O', 'المصابين_O', 'ترفع_O', 'القيود_O', 'الصحية_O', 'وتعيد_O', 'الحياة_O', 'لطبيعتها_O', 'الفال_O', 'يارب_O', 'العالمين_O', 'الأردن_S-LOC']",health
 عاجل الأردن يوقف استخدام لقاح استرازينكا ويكتفي باعطاء الجرعة الثانية لمن تلقوا الاولى,AuFIN_074,1405576640042840066,"['عاجل_ADJ', 'الأردن_NOUN', 'يوقف_VERB', 'استخدام_NOUN', 'ل_ADP', 'قاح_NOUN', 'استرازين_X', 'كا_PRON', 'و_CCONJ', 'يكتفي_VERB', 'ب_ADP', 'إعطاء_NOUN', 'الجرعة_NOUN', 'الثانية_ADJ', 'ل_ADP', 'من_DET', 'تلقوا_VERB', 'الاولى_ADJ']","['عاجل_O', 'الأردن_S-LOC', 'يوقف_O', 'استخدام_O', 'لقاح_O', 'استرازينكا_O', 'ويكتفي_O', 'باعطاء_O', 'الجرعة_O', 'الثانية_O', 'لمن_O', 'تلقوا_O', 'الاولى_O']",health
اول شحنة اللقاح الروسي اتجاه تونس علي متن طائرة تونسية بقيادة الطيار الفة لجنف,AuFIN_075,1358511338205687808,"['اول_ADJ', 'شحنة_NOUN', 'اللقاح_NOUN', 'الروسي_ADJ', 'اتجاه_NOUN', 'تونس_NOUN', 'علي_ADP', 'متن_NOUN', 'طائرة_NOUN', 'تونسية_ADJ', 'ب_ADP', 'قيادة_NOUN', 'الطيار_NOUN', 'الفة_X', 'لجنف_X']","['اول_O', 'شحنة_O', 'اللقاح_O', 'الروسي_O', 'اتجاه_O', 'تونس_S-LOC', 'علي_O', 'متن_O', 'طائرة_O', 'تونسية_O', 'بقيادة_O', 'الطيار_O', 'الفة_O', 'لجنف_O']",health
 مشاريعمصر مساعدات طبية وغذائية مصر تصل الى قطاع غزة لوقاية الأشقاء الفلسطينيين فيروس كورونا المستجد,AuFIN_076,1243235463386800128,"['مشاريعمصر_NOUN', 'مساعدات_NOUN', 'طبية_ADJ', 'و_CCONJ', 'غذائية_ADJ', 'مصر_NOUN', 'تصل_VERB', 'الى_ADP', 'قطاع_NOUN', 'غزة_NOUN', 'ل_ADP', 'وقاية_NOUN', 'الأشقاء_NOUN', 'الفلسطينيين_ADJ', 'ف_CCONJ', 'يروس_VERB', 'كورونا_X', 'المستجد_ADJ']","['مشاريعمصر_O', 'مساعدات_O', 'طبية_O', 'وغذائية_O', 'مصر_S-LOC', 'تصل_O', 'الى_O', 'قطاع_O', 'غزة_S-LOC', 'لوقاية_O', 'الأشقاء_O', 'الفلسطينيين_S-PER', 'فيروس_O', 'كورونا_S-LOC', 'المستجد_O']",health
طبيب تونسي اصيل دراهم عمره 43 سنة اول طبيب العالم يقوم باجراء عملية القلب خارج جسم المريض كللت بالنجاح بمثل نفتخر ,AuFIN_077,1296729114834018304,"['طبيب_NOUN', 'تونسي_ADJ', 'اصيل_X', 'دراهم_X', 'عمر_NOUN', 'ه_PRON', '43_NUM', 'سنة_NOUN', 'اول_ADJ', 'طبيب_NOUN', 'العالم_NOUN', 'يقوم_VERB', 'ب_ADP', 'إجراء_NOUN', 'عملية_NOUN', 'القلب_NOUN', 'خارج_ADP', 'جسم_NOUN', 'المريض_NOUN', 'كللت_VERB', 'ب_ADP', 'النجاح_NOUN', 'ب_ADP', 'مثل_ADP', 'نفتخر_X']","['طبيب_O', 'تونسي_O', 'اصيل_O', 'دراهم_O', 'عمره_O', '43_O', 'سنة_O', 'اول_O', 'طبيب_O', 'العالم_O', 'يقوم_O', 'باجراء_O', 'عملية_O', 'القلب_O', 'خارج_O', 'جسم_O', 'المريض_O', 'كللت_O', 'بالنجاح_O', 'بمثل_O', 'نفتخر_O']",health
مدير عام منظمة الصحة العالمية أعتاب فايروس جديد فتكًا وقد نعود لنقطة الصفر,AuFIN_078,1397548335511351305,"['مدير_NOUN', 'عام_ADJ', 'منظمة_NOUN', 'الصحة_NOUN', 'العالمية_ADJ', 'أعتاب_NOUN', 'فايروس_X', 'جديد_ADJ', 'فتكًا_NOUN', 'و_CCONJ', 'قد_PART', 'نعود_X', 'ل_ADP', 'نقطة_NOUN', 'الصفر_NOUN']","['مدير_O', 'عام_O', 'منظمة_B-ORG', 'الصحة_I-ORG', 'العالمية_E-ORG', 'أعتاب_O', 'فايروس_S-MISC', 'جديد_O', 'فتكًا_O', 'وقد_O', 'نعود_O', 'لنقطة_O', 'الصفر_O']",health
الدكتور المصري سير أعظم جراح قلب تااريخ البشرية أرادت الملكة إليزاابيث الثانية ملكة إنجلترا منحه لقب عام 1991 القانون يفرض يكون حامله بريطاني الجنسيه فعرضوا التخلي جنسيته المصريه ومنحه الجنسيه البريطانيه رفض التخلي جنسيته,AuFIN_079,1344677360180854784,"['الدكتور_NOUN', 'المصري_ADJ', 'سير_X', 'أعظم_ADJ', 'جراح_NOUN', 'قلب_NOUN', 'تااريخ_NOUN', 'البشرية_ADJ', 'أرادت_VERB', 'الملكة_NOUN', 'إليزاابيث_X', 'الثانية_ADJ', 'ملكة_NOUN', 'إنجلترا_X', 'منح_VERB', 'ه_PRON', 'لقب_NOUN', 'عام_NOUN', '1991_NUM', 'القانون_NOUN', 'يفرض_VERB', 'يكون_VERB', 'حامل_NOUN', 'ه_PRON', 'بريطاني_ADJ', 'الجنسيه_ADJ', 'ف_CCONJ', 'عرضوا_VERB', 'التخلي_NOUN', 'جنسية_NOUN', 'ه_PRON', 'المصريه_ADJ', 'و_CCONJ', 'منح_NOUN', 'ه_PRON', 'الجنسيه_ADJ', 'البريطانيه_ADJ', 'رفض_VERB', 'التخلي_NOUN', 'جنسيته_X']","['الدكتور_O', 'المصري_O', 'سير_O', 'أعظم_O', 'جراح_O', 'قلب_O', 'تااريخ_O', 'البشرية_O', 'أرادت_O', 'الملكة_O', 'إليزاابيث_B-PER', 'الثانية_E-PER', 'ملكة_O', 'إنجلترا_S-LOC', 'منحه_O', 'لقب_O', 'عام_O', '1991_O', 'القانون_O', 'يفرض_O', 'يكون_O', 'حامله_O', 'بريطاني_O', 'الجنسيه_O', 'فعرضوا_O', 'التخلي_O', 'جنسيته_O', 'المصريه_O', 'ومنحه_O', 'الجنسيه_B-PER', 'البريطانيه_E-PER', 'رفض_O', 'التخلي_O', 'جنسيته_O']",health
منظمة الصحة العالمية تدعو لوقف منح الجرعة الثانية لقاحات كورونا المقبل يسمح بايصال الجرعة الاولى اللقاح للفئات الاكثر احتياجًا مستوى العالم,AuFIN_080,1422925171908915200,"['منظمة_NOUN', 'الصحة_NOUN', 'العالمية_ADJ', 'تدعو_VERB', 'ل_ADP', 'وقف_NOUN', 'منح_NOUN', 'الجرعة_NOUN', 'الثانية_ADJ', 'ل_ADP', 'قاحات_NOUN', 'كورونا_X', 'المقبل_ADJ', 'يسمح_VERB', 'ب_ADP', 'إيصال_NOUN', 'الجرعة_NOUN', 'الاولى_ADJ', 'اللقاح_NOUN', 'ل_ADP', 'الفئات_NOUN', 'الاكثر_ADJ', 'احتياجًا_NOUN', 'مستوى_X', 'العالم_NOUN']","['منظمة_B-ORG', 'الصحة_I-ORG', 'العالمية_E-ORG', 'تدعو_O', 'لوقف_O', 'منح_O', 'الجرعة_O', 'الثانية_O', 'لقاحات_O', 'كورونا_O', 'المقبل_O', 'يسمح_O', 'بايصال_O', 'الجرعة_O', 'الاولى_O', 'اللقاح_O', 'للفئات_O', 'الاكثر_O', 'احتياجًا_O', 'مستوى_O', 'العالم_O']",health
ايدين هازارد وديمبابا بملابس الاحرام يؤديان مراسم العمرة,AuFIN_081,1426074456615788544,"['ايدين_X', 'هازارد_X', 'و_CCONJ', 'ديمبابا_X', 'ب_ADP', 'ملابس_NOUN', 'الاحرام_NOUN', 'يؤديان_VERB', 'مراسم_NOUN', 'العمرة_NOUN']","['ايدين_B-PER', 'هازارد_E-PER', 'وديمبابا_S-PER', 'بملابس_O', 'الاحرام_O', 'يؤديان_O', 'مراسم_O', 'العمرة_O']",sports
عاجل اصابة محمد صلاح فيروس كورونا انتظار نتيجة المسحة الثاني للتأكيد سلاامات ,AuFIN_082,1312510783440388096,"['عاجل_ADJ', 'اصابة_NOUN', 'محمد_X', 'صلاح_X', 'فيروس_X', 'كورونا_X', 'انتظار_NOUN', 'نتيجة_NOUN', 'المسحة_NOUN', 'الثاني_ADJ', 'ل_ADP', 'التأكيد_NOUN', 'سلاامات_NOUN']","['عاجل_O', 'اصابة_O', 'محمد_B-PER', 'صلاح_E-PER', 'فيروس_B-PER', 'كورونا_E-PER', 'انتظار_O', 'نتيجة_O', 'المسحة_O', 'الثاني_O', 'للتأكيد_O', 'سلاامات_O']",sports
بلماضي وتصريح للتاريخ إخترت مواجهة تونس كأفضل منتخب لكشف حقيقة تصنيف الفيفا صواب ام خطأ ⁦ اه يالتوانسة رانا جاايين,AuFIN_083,1400049392283963396,"['بلماضي_X', 'و_CCONJ', 'تصريح_NOUN', 'ل_ADP', 'التاريخ_NOUN', 'إخترت_VERB', 'مواجهة_NOUN', 'تونس_NOUN', 'ك_ADP', 'أفضل_ADJ', 'منتخب_NOUN', 'ل_ADP', 'كشف_NOUN', 'حقيقة_NOUN', 'تصنيف_NOUN', 'الفيفا_X', 'صواب_NOUN', 'ام_X', 'خطأ_X', '\u2066_PUNCT', 'اه_X', 'يالتوانسة_X', 'رانا_X', 'جاايين_X']","['بلماضي_O', 'وتصريح_O', 'للتاريخ_O', 'إخترت_O', 'مواجهة_O', 'تونس_S-LOC', 'كأفضل_O', 'منتخب_O', 'لكشف_O', 'حقيقة_O', 'تصنيف_O', 'الفيفا_S-ORG', 'صواب_O', 'ام_O', 'خطأ_O', '\u2066_O', 'اه_O', 'يالتوانسة_O', 'رانا_B-PER', 'جاايين_E-PER']",sports
 عكاظ طيران قطر راعياً رسمياً لنادي الاتحاد السعودي,AuFIN_084,1368324508277501955,"['عكاظ_NOUN', 'طيران_NOUN', 'قطر_NOUN', 'راعياً_ADJ', 'رسمياً_ADJ', 'ل_ADP', 'نادي_NOUN', 'الاتحاد_NOUN', 'السعودي_ADJ']","['عكاظ_O', 'طيران_O', 'قطر_O', 'راعياً_O', 'رسمياً_O', 'لنادي_B-ORG', 'الاتحاد_I-ORG', 'السعودي_E-ORG']",sports
الكاف يبعد الحكمة التونسية سمرحسني نهائي السوبر الإفريقي سيجمع نهضة بركان والأهلي المصري بسبب صورها موقع التواصل الاجتماعي يلاياجهلى ,AuFIN_085,1397175986286997505,"['الكاف_X', 'يبعد_VERB', 'الحكمة_NOUN', 'التونسية_ADJ', 'سمرحسني_X', 'نهائي_NOUN', 'السوبر_NOUN', 'الإفريقي_ADJ', 'س_AUX', 'يجمع_VERB', 'نهضة_NOUN', 'بركان_NOUN', 'و_CCONJ', 'الأهلي_NOUN', 'المصري_ADJ', 'ب_ADP', 'سبب_NOUN', 'صور_NOUN', 'ها_PRON', 'موقع_NOUN', 'التواصل_NOUN', 'الاجتماعي_ADJ', 'يلاياجهلى_X']","['الكاف_O', 'يبعد_O', 'الحكمة_O', 'التونسية_O', 'سمرحسني_O', 'نهائي_O', 'السوبر_O', 'الإفريقي_O', 'سيجمع_O', 'نهضة_O', 'بركان_S-LOC', 'والأهلي_O', 'المصري_O', 'بسبب_O', 'صورها_O', 'موقع_O', 'التواصل_O', 'الاجتماعي_O', 'يلاياجهلى_O']",sports
مونديال 2006تحديدا ملعب لايبزيج أريناتعادلت فرنسا كوريا الجنوبية بنتيجة 11 مباراة بدور المجموعات خرج زيدان غاضباوقام بضرب باب غرفة تبديل الملابس بقوةلم تقم إدارة نادي لايبزيح بإصلاح الباببل قامت بتمييز الضربة بإطار ذهبيوكتبت فوقها هدية تذكارية زيدان,AuFIN_086,1130993490048036864,"['مونديال_NOUN', '2006_NUM', 'تحديدا_NOUN', 'ملعب_NOUN', 'ل_ADP', 'أيبزيج_X', 'أريناتعادلت_X', 'فرنسا_X', 'كوريا_X', 'الجنوبية_ADJ', 'ب_ADP', 'نتيجة_NOUN', '11_NUM', 'مباراة_NOUN', 'ب_ADP', 'دور_NOUN', 'المجموعات_NOUN', 'خرج_VERB', 'زيدان_X', 'غاضباوقام_X', 'ب_ADP', 'ضرب_NOUN', 'باب_NOUN', 'غرفة_NOUN', 'تبديل_NOUN', 'الملابس_NOUN', 'بقوةلم_X', 'تقم_VERB', 'إدارة_NOUN', 'نادي_NOUN', 'ل_ADP', 'أيبزيح_X', 'ب_ADP', 'إصلاح_NOUN', 'الباببل_NOUN', 'قامت_VERB', 'ب_ADP', 'تمييز_NOUN', 'الضربة_NOUN', 'ب_ADP', 'إطار_NOUN', 'ذهبيوكتبت_X', 'فوق_ADP', 'ها_PRON', 'هدية_NOUN', 'تذكارية_ADJ', 'زيدان_X']","['مونديال_O', '2006_O', 'تحديدا_O', 'ملعب_B-LOC', 'لايبزيج_E-LOC', 'أريناتعادلت_O', 'فرنسا_S-LOC', 'كوريا_B-LOC', 'الجنوبية_E-LOC', 'بنتيجة_O', '11_O', 'مباراة_O', 'بدور_O', 'المجموعات_O', 'خرج_O', 'زيدان_B-PER', 'غاضباوقام_E-PER', 'بضرب_O', 'باب_O', 'غرفة_O', 'تبديل_O', 'الملابس_O', 'بقوةلم_O', 'تقم_O', 'إدارة_O', 'نادي_B-ORG', 'لايبزيح_E-ORG', 'بإصلاح_O', 'الباببل_S-ORG', 'قامت_O', 'بتمييز_O', 'الضربة_O', 'بإطار_O', 'ذهبيوكتبت_O', 'فوقها_O', 'هدية_O', 'تذكارية_O', 'زيدان_S-PER']",sports
استبعاد المصريه الزهراء شعبان الاولمبياد التسبب اصابة الحكم اثناة منافسات الرماية,AuFIN_087,1421452872898777094,"['استبعاد_NOUN', 'المصريه_ADJ', 'الزهراء_X', 'شعبان_X', 'الاولمبياد_X', 'التسبب_NOUN', 'اصابة_NOUN', 'الحكم_NOUN', 'اثناة_X', 'منافسات_NOUN', 'الرماية_NOUN']","['استبعاد_O', 'المصريه_O', 'الزهراء_B-PER', 'شعبان_E-PER', 'الاولمبياد_O', 'التسبب_O', 'اصابة_O', 'الحكم_O', 'اثناة_O', 'منافسات_O', 'الرماية_O']",sports
استقالة رئيس يوفنتوس أندريا أنييلي منصبه السوبرليغ السوبرالأوروبي,AuFIN_088,1384647002743623681,"['استقالة_NOUN', 'رئيس_NOUN', 'يوفنتوس_X', 'أندريا_X', 'أنييلي_X', 'منصب_NOUN', 'ه_PRON', 'السوبرليغ_X', 'السوبرالأوروبي_X']","['استقالة_O', 'رئيس_O', 'يوفنتوس_S-ORG', 'أندريا_B-PER', 'أنييلي_E-PER', 'منصبه_O', 'السوبرليغ_B-PER', 'السوبرالأوروبي_E-PER']",sports
ناصر الخليفي زلت وعدي حقق باريس سان جيرمان لقب دوري أبطال أوروبا الموسم فإنني سأقوم بفتح كافة قنوات مجاناً لمدة عام كامل يذكر ان سبورت خسرت حقوق الدوري الايطالي والالماني والهولندي,AuFIN_089,1295346471978639360,"['ناصر_X', 'الخليفي_X', 'زلت_VERB', 'وعدي_X', 'حقق_VERB', 'باريس_X', 'سان_X', 'جيرمان_X', 'لقب_NOUN', 'دوري_NOUN', 'أبطال_NOUN', 'أوروبا_X', 'الموسم_NOUN', 'ف_CCONJ', 'إنني_PRON', 'س_AUX', 'أقوم_VERB', 'ب_ADP', 'فتح_NOUN', 'كافة_NOUN', 'قنوات_NOUN', 'مجاناً_ADJ', 'ل_ADP', 'مدة_NOUN', 'عام_NOUN', 'كامل_ADJ', 'يذكر_VERB', 'ان_SCONJ', 'سبورت_X', 'خسرت_VERB', 'حقوق_NOUN', 'الدوري_NOUN', 'الايطالي_ADJ', 'و_CCONJ', 'الألماني_ADJ', 'والهولندي_ADJ']","['ناصر_B-PER', 'الخليفي_E-PER', 'زلت_O', 'وعدي_O', 'حقق_O', 'باريس_S-LOC', 'سان_B-LOC', 'جيرمان_E-LOC', 'لقب_O', 'دوري_B-MISC', 'أبطال_I-MISC', 'أوروبا_E-MISC', 'الموسم_O', 'فإنني_O', 'سأقوم_O', 'بفتح_O', 'كافة_O', 'قنوات_O', 'مجاناً_O', 'لمدة_O', 'عام_O', 'كامل_O', 'يذكر_O', 'ان_O', 'سبورت_S-ORG', 'خسرت_O', 'حقوق_O', 'الدوري_B-MISC', 'الايطالي_E-MISC', 'والالماني_B-MISC', 'والهولندي_E-MISC']",sports
رسميًا اليابان ترفض استضافة كأس العالم للأندية مصر قطر ظبي تطلب استضافتها حال الموافقة طلب مصر يشارك الزمالك البطولة بصفته بطل الدوري بالدولة المستضيفة مسهل يارب ,AuFIN_090,1432429222493048835,"['رسميًا_ADJ', 'اليابان_NOUN', 'ترفض_VERB', 'استضافة_NOUN', 'كأس_NOUN', 'العالم_NOUN', 'ل_ADP', 'الأندية_NOUN', 'مصر_NOUN', 'قطر_NOUN', 'ظبي_X', 'تطلب_VERB', 'استضافت_VERB', 'ها_PRON', 'حال_NOUN', 'الموافقة_NOUN', 'طلب_NOUN', 'مصر_NOUN', 'يشارك_VERB', 'الزمالك_NOUN', 'البطولة_NOUN', 'ب_ADP', 'صفة_NOUN', 'ه_PRON', 'بطل_NOUN', 'الدوري_NOUN', 'ب_ADP', 'الدولة_NOUN', 'المستضيفة_ADJ', 'مسهل_ADJ', 'يارب_X']","['رسميًا_O', 'اليابان_S-LOC', 'ترفض_O', 'استضافة_O', 'كأس_O', 'العالم_O', 'للأندية_O', 'مصر_S-LOC', 'قطر_O', 'ظبي_O', 'تطلب_O', 'استضافتها_O', 'حال_O', 'الموافقة_O', 'طلب_O', 'مصر_S-LOC', 'يشارك_O', 'الزمالك_S-ORG', 'البطولة_O', 'بصفته_O', 'بطل_O', 'الدوري_O', 'بالدولة_O', 'المستضيفة_O', 'مسهل_O', 'يارب_O']",sports
حسن نصرالله يوسي كوهين رئيس الأستخبارات الأسرائيلي تستوعبون ياعرب ويامسلمين,AuFIN_091,1319222201581752320,"['حسن_X', 'نصرالل_X', 'ه_PRON', 'يوسي_X', 'كوهين_X', 'رئيس_NOUN', 'الأستخبارات_NOUN', 'الأسرائيلي_ADJ', 'تستوعبون_VERB', 'ياعرب_X', 'ويامسلمين_ADJ']","['حسن_B-PER', 'نصرالله_I-PER', 'يوسي_I-PER', 'كوهين_E-PER', 'رئيس_O', 'الأستخبارات_O', 'الأسرائيلي_O', 'تستوعبون_O', 'ياعرب_O', 'ويامسلمين_O']",politics
كنا گالسين تا قالك الجزائر تفرض تأشيرة المغاربة الراغبين زيارتها ,AuFIN_092,1417253789447376901,"['كنا_X', 'گالسين_X', 'تا_X', 'قالك_X', 'الجزائر_NOUN', 'تفرض_VERB', 'تأشيرة_NOUN', 'المغاربة_NOUN', 'الراغبين_ADJ', 'زيارة_NOUN', 'ها_PRON']","['كنا_O', 'گالسين_B-PER', 'تا_E-PER', 'قالك_O', 'الجزائر_S-LOC', 'تفرض_O', 'تأشيرة_O', 'المغاربة_O', 'الراغبين_O', 'زيارتها_O']",politics
ليبيا تركيا أردوغان وزيرة الخارجية نجلاء المنقوش تركيا تسعى لإشعال الحرب جديد وتعطيل الإنتخابات الفوضى طوق نجاة الملالي والمغول بلاد العرب وسينقون أموالهم وتكون حسرة عليهم  يومالجمعة الجمعة صباحالخير حفتر,AuFIN_093,1426036369172860931,"['ليبيا_X', 'تركيا_X', 'أردوغان_X', 'وزيرة_NOUN', 'الخارجية_NOUN', 'نجلاء_X', 'المنقوش_X', 'تركيا_X', 'تسعى_VERB', 'ل_ADP', 'إشعال_NOUN', 'الحرب_NOUN', 'جديد_ADJ', 'و_CCONJ', 'تعطيل_NOUN', 'الإنتخابات_NOUN', 'الفوضى_NOUN', 'طوق_NOUN', 'نجاة_NOUN', 'الملالي_NOUN', 'و_CCONJ', 'المغول_NOUN', 'بلاد_NOUN', 'العرب_NOUN', 'و_CCONJ', 'س_AUX', 'ينقون_VERB', 'أموال_NOUN', 'هم_PRON', 'و_CCONJ', 'تكون_AUX', 'حسرة_NOUN', 'علي_ADP', 'هم_PRON', 'يومالجمعة_NOUN', 'الجمعة_NOUN', 'صباحالخير_X', 'حفتر_X']","['ليبيا_S-LOC', 'تركيا_S-LOC', 'أردوغان_S-PER', 'وزيرة_O', 'الخارجية_O', 'نجلاء_O', 'المنقوش_O', 'تركيا_S-LOC', 'تسعى_O', 'لإشعال_O', 'الحرب_O', 'جديد_O', 'وتعطيل_O', 'الإنتخابات_O', 'الفوضى_O', 'طوق_O', 'نجاة_O', 'الملالي_O', 'والمغول_S-PER', 'بلاد_O', 'العرب_S-PER', 'وسينقون_O', 'أموالهم_O', 'وتكون_O', 'حسرة_O', 'عليهم_O', 'يومالجمعة_O', 'الجمعة_O', 'صباحالخير_O', 'حفتر_O']",politics
ملف فساد ضد النهضة فاليستعجل لتقديمه للقضاء راشد الغنوشي صحيفة البريطانية,AuFIN_094,1431520406083616769,"['ملف_NOUN', 'فساد_NOUN', 'ضد_ADP', 'النهضة_NOUN', 'ف_CCONJ', 'اليستعجل_ADJ', 'ل_ADP', 'تقديم_NOUN', 'ه_PRON', 'ل_ADP', 'القضاء_NOUN', 'راشد_X', 'الغنوشي_X', 'صحيفة_NOUN', 'البريطانية_ADJ']","['ملف_O', 'فساد_O', 'ضد_O', 'النهضة_O', 'فاليستعجل_S-PER', 'لتقديمه_O', 'للقضاء_O', 'راشد_B-PER', 'الغنوشي_E-PER', 'صحيفة_B-ORG', 'البريطانية_E-ORG']",politics
الجيش اللبناني وحدات الجيش المنتشرة مختلف المناطق اللبنانية توقف عدداً الشبان المتوجهين للمشاركة الذكرى الاولى لانفجار مرفأ بيروت وبحوزتهم كميات الاسلحة والذخائر,AuFIN_095,1422891523822268416,"['الجيش_NOUN', 'اللبناني_ADJ', 'وحدات_NOUN', 'الجيش_NOUN', 'المنتشرة_ADJ', 'مختلف_ADJ', 'المناطق_NOUN', 'اللبنانية_ADJ', 'توقف_VERB', 'عدداً_NOUN', 'الشبان_NOUN', 'المتوجهين_ADJ', 'ل_ADP', 'المشاركة_NOUN', 'الذكرى_NOUN', 'الاولى_ADJ', 'ل_ADP', 'انفجار_NOUN', 'مرفأ_NOUN', 'بيروت_NOUN', 'و_CCONJ', 'ب_ADP', 'حوزة_NOUN', 'هم_PRON', 'كميات_NOUN', 'الاسلحة_NOUN', 'والذخائر_X']","['الجيش_B-ORG', 'اللبناني_E-ORG', 'وحدات_O', 'الجيش_O', 'المنتشرة_O', 'مختلف_O', 'المناطق_B-LOC', 'اللبنانية_E-LOC', 'توقف_O', 'عدداً_O', 'الشبان_O', 'المتوجهين_O', 'للمشاركة_O', 'الذكرى_O', 'الاولى_O', 'لانفجار_O', 'مرفأ_O', 'بيروت_S-LOC', 'وبحوزتهم_O', 'كميات_O', 'الاسلحة_O', 'والذخائر_O']",politics
مكتب السيد السيستاني ينشر بالخطأ صورة بابا الفاتيكان السيد السيستاني قاموا بحذف الصورة وهذا الامر يثبت ان الصورة السابقة مفبركة ومرتبة,AuFIN_096,1367228231749951489,"['مكتب_NOUN', 'السيد_NOUN', 'السيستاني_ADJ', 'ينشر_VERB', 'ب_ADP', 'الخطإ_NOUN', 'صورة_NOUN', 'بابا_X', 'الفاتيكان_X', 'السيد_NOUN', 'السيستاني_ADJ', 'قاموا_VERB', 'ب_ADP', 'حذف_NOUN', 'الصورة_NOUN', 'و_CCONJ', 'هٰذا_DET', 'الامر_NOUN', 'يثبت_VERB', 'ان_SCONJ', 'الصورة_NOUN', 'السابقة_ADJ', 'مفبركة_ADJ', 'و_CCONJ', 'مرتبة_ADJ']","['مكتب_B-LOC', 'السيد_I-LOC', 'السيستاني_E-LOC', 'ينشر_O', 'بالخطأ_O', 'صورة_O', 'بابا_O', 'الفاتيكان_O', 'السيد_O', 'السيستاني_O', 'قاموا_O', 'بحذف_O', 'الصورة_O', 'وهذا_O', 'الامر_O', 'يثبت_O', 'ان_O', 'الصورة_O', 'السابقة_O', 'مفبركة_O', 'ومرتبة_O']",politics
‌رسمياً تم سحب الجنسية الأردنية وسيم يوسف وسيميوسف وسيميوسفصهيوني غزةانتصرت,AuFIN_097,1396109634973351937,"['\u200cرسمياً_ADJ', 'تم_VERB', 'سحب_NOUN', 'الجنسية_NOUN', 'الأردنية_ADJ', 'و_CCONJ', 'سيم_X', 'يوسف_X', 'و_CCONJ', 'س_AUX', 'يميوسف_X', 'وسيميوسفصهيوني_X', 'غزة_NOUN', 'انتصرت_VERB']","['\u200cرسمياً_O', 'تم_O', 'سحب_O', 'الجنسية_O', 'الأردنية_O', 'وسيم_B-PER', 'يوسف_E-PER', 'وسيميوسف_S-PER', 'وسيميوسفصهيوني_O', 'غزة_S-LOC', 'انتصرت_O']",politics
الاردن اعلان جماعة الاخوان جماعة ارهابية والقبض علي ينتمي إليها محاولة انقلاب فاشلة حفظ الله الاردن وشعبه الاخوان وش الخراب,AuFIN_098,1378830982002921473,"['الاردن_NOUN', 'اعلان_NOUN', 'جماعة_NOUN', 'الاخوان_NOUN', 'جماعة_NOUN', 'ارهابية_ADJ', 'و_CCONJ', 'القبض_NOUN', 'علي_X', 'ينتمي_VERB', 'إلي_ADP', 'ها_PRON', 'محاولة_NOUN', 'انقلاب_NOUN', 'فاشلة_ADJ', 'حفظ_NOUN', 'الله_NOUN', 'الاردن_NOUN', 'و_CCONJ', 'شعب_NOUN', 'ه_PRON', 'الاخوان_NOUN', 'وش_X', 'الخراب_NOUN']","['الاردن_S-LOC', 'اعلان_O', 'جماعة_O', 'الاخوان_O', 'جماعة_O', 'ارهابية_O', 'والقبض_O', 'علي_O', 'ينتمي_O', 'إليها_O', 'محاولة_O', 'انقلاب_O', 'فاشلة_O', 'حفظ_O', 'الله_O', 'الاردن_S-LOC', 'وشعبه_O', 'الاخوان_O', 'وش_O', 'الخراب_O']",politics
ليبيا — مصادر الحدث أنباء وصول وفد أميركي بنغازي لبحث مساعي الحل,AuFIN_099,1264560941909397506,"['ليبيا_X', '—_PUNCT', 'مصادر_NOUN', 'الحدث_NOUN', 'أنباء_NOUN', 'وصول_NOUN', 'وفد_NOUN', 'أميركي_ADJ', 'بنغازي_X', 'ل_ADP', 'بحث_NOUN', 'مساعي_NOUN', 'الحل_NOUN']","['ليبيا_S-LOC', '—_O', 'مصادر_O', 'الحدث_O', 'أنباء_O', 'وصول_O', 'وفد_O', 'أميركي_O', 'بنغازي_S-LOC', 'لبحث_O', 'مساعي_O', 'الحل_O']",politics
عاجل إعلان حالة الطوارئ إمارة ابوظبي وتواجد أمني مكثف الطرق الرئيسية محاولة اغتيال عبدالله بن زايد,AuFIN_100,1261427245698019328,"['عاجل_ADJ', 'إعلان_NOUN', 'حالة_NOUN', 'الطوارئ_NOUN', 'إمارة_NOUN', 'ابوظبي_NOUN', 'و_CCONJ', 'تواجد_NOUN', 'أمني_ADJ', 'مكثف_ADJ', 'الطرق_NOUN', 'الرئيسية_ADJ', 'محاولة_NOUN', 'اغتيال_NOUN', 'عبدالل_NOUN', 'ه_PRON', 'بن_PROPN', 'زايد_X']","['عاجل_O', 'إعلان_O', 'حالة_O', 'الطوارئ_O', 'إمارة_O', 'ابوظبي_S-LOC', 'وتواجد_O', 'أمني_O', 'مكثف_O', 'الطرق_O', 'الرئيسية_O', 'محاولة_O', 'اغتيال_O', 'عبدالله_B-PER', 'بن_I-PER', 'زايد_E-PER']",politics
قامت روسيا بتشريح جثة مريض كوفيد 19 الوفاة وظهر اكتشاف كبير أصبحت روسيا دولة العالم تجري تشريحًا لجثة مريض 19 وبعد تحقيق شامل اكتشفت 19 موجود كفيروس إنها عملية احتيال عالمية يموت الناس,AuFIN_101,1368160415356698631,"['قامت_VERB', 'روسيا_X', 'ب_ADP', 'تشريح_NOUN', 'جثة_NOUN', 'مريض_NOUN', 'كوفيد_X', '19_NUM', 'الوفاة_NOUN', 'و_CCONJ', 'ظهر_VERB', 'اكتشاف_NOUN', 'كبير_ADJ', 'أصبحت_VERB', 'روسيا_X', 'دولة_NOUN', 'العالم_NOUN', 'تجري_VERB', 'تشريحًا_NOUN', 'ل_ADP', 'جثة_NOUN', 'مريض_NOUN', '19_NUM', 'و_CCONJ', 'بعد_ADP', 'تحقيق_NOUN', 'شامل_ADJ', 'اكتشفت_VERB', '19_NUM', 'موجود_ADJ', 'كفيروس_X', 'إن_SCONJ', 'ها_PRON', 'عملية_NOUN', 'احتيال_NOUN', 'عالمية_ADJ', 'يموت_VERB', 'الناس_NOUN']","['قامت_O', 'روسيا_S-LOC', 'بتشريح_O', 'جثة_O', 'مريض_O', 'كوفيد_S-PER', '19_O', 'الوفاة_O', 'وظهر_O', 'اكتشاف_O', 'كبير_O', 'أصبحت_O', 'روسيا_S-LOC', 'دولة_O', 'العالم_O', 'تجري_O', 'تشريحًا_O', 'لجثة_O', 'مريض_O', '19_O', 'وبعد_O', 'تحقيق_O', 'شامل_O', 'اكتشفت_O', '19_O', 'موجود_O', 'كفيروس_O', 'إنها_O', 'عملية_O', 'احتيال_O', 'عالمية_O', 'يموت_O', 'الناس_O']",health
وزيرالصحه الاردني الفاشل يحمل السعوديه الكويت مسؤوليه حادثه نقص الاوكسجين مستشفى السلط بحجه ان البلدان اوقفوا تصدير الاوكسجين للاردن عفواا خيير ,AuFIN_102,1371181189353111553,"['و_CCONJ', 'زيرالصح_NOUN', 'ه_PRON', 'الاردني_ADJ', 'الفاشل_ADJ', 'يحمل_VERB', 'السعوديه_NOUN', 'الكويت_NOUN', 'مسؤولي_NOUN', 'ه_PRON', 'حادث_NOUN', 'ه_PRON', 'نقص_NOUN', 'الاوكسجين_NOUN', 'مستشفى_NOUN', 'السلط_NOUN', 'ب_ADP', 'حج_NOUN', 'ه_PRON', 'ان_SCONJ', 'البلدان_NOUN', 'اوقفوا_VERB', 'تصدير_NOUN', 'الاوكسجين_NOUN', 'ل_ADP', 'الأردن_NOUN', 'عفواا_NOUN', 'خيير_ADJ']","['وزيرالصحه_O', 'الاردني_O', 'الفاشل_O', 'يحمل_O', 'السعوديه_O', 'الكويت_S-LOC', 'مسؤوليه_O', 'حادثه_O', 'نقص_O', 'الاوكسجين_O', 'مستشفى_O', 'السلط_O', 'بحجه_O', 'ان_O', 'البلدان_O', 'اوقفوا_O', 'تصدير_O', 'الاوكسجين_O', 'للاردن_O', 'عفواا_O', 'خيير_O']",health
منظمة الصحة العالمية تصريحات جديدة مزج عدة أنواع اللقاحات اتجاه خاطئ وقد يؤدي وضع فوضوي دليل وجود حاجة للحصول جرعات داعمة لقاحات كورونا جرعة ثالثة معززة,AuFIN_103,1414667089391017992,"['منظمة_NOUN', 'الصحة_NOUN', 'العالمية_ADJ', 'تصريحات_NOUN', 'جديدة_ADJ', 'مزج_NOUN', 'عدة_NOUN', 'أنواع_NOUN', 'اللقاحات_NOUN', 'اتجاه_NOUN', 'خاطئ_ADJ', 'وقد_CCONJ', 'يؤدي_VERB', 'وضع_NOUN', 'فوضوي_ADJ', 'دليل_NOUN', 'وجود_NOUN', 'حاجة_NOUN', 'ل_ADP', 'الحصول_NOUN', 'جرعات_NOUN', 'داعمة_ADJ', 'ل_ADP', 'قاحات_NOUN', 'كورونا_X', 'جرعة_NOUN', 'ثالثة_ADJ', 'معززة_ADJ']","['منظمة_B-ORG', 'الصحة_I-ORG', 'العالمية_E-ORG', 'تصريحات_O', 'جديدة_O', 'مزج_O', 'عدة_O', 'أنواع_O', 'اللقاحات_O', 'اتجاه_O', 'خاطئ_O', 'وقد_O', 'يؤدي_O', 'وضع_O', 'فوضوي_O', 'دليل_O', 'وجود_O', 'حاجة_O', 'للحصول_O', 'جرعات_O', 'داعمة_O', 'لقاحات_O', 'كورونا_S-MISC', 'جرعة_O', 'ثالثة_O', 'معززة_O']",health
24 مليار جرعة شاورمه  اصلا تركيا تتوصل الى لقاح تمنح ترخيص اى شركه لانتاح اللقاح اللقاح المستورد تم استخدامه لتلقيح حاشيه اردوغان اعضاء حزب العداله التنميه الحاكم اوغور يعلم ان تركيا امس سجلت 216 حالة إصابة جديدة بفيروس كورونا ,AuFIN_104,1374358675066908675,"['24_NUM', 'مليار_NUM', 'جرعة_NOUN', 'شاورم_NOUN', 'ه_PRON', 'اصلا_NOUN', 'تركيا_X', 'تتوصل_VERB', 'الى_ADP', 'لقاح_NOUN', 'تمنح_VERB', 'ترخيص_NOUN', 'اى_ADJ', 'شرك_NOUN', 'ه_PRON', 'ل_ADP', 'إنتاح_NOUN', 'اللقاح_NOUN', 'اللقاح_X', 'المستورد_ADJ', 'تم_VERB', 'استخدام_NOUN', 'ه_PRON', 'ل_ADP', 'تلقيح_NOUN', 'حاشيه_X', 'اردوغان_X', 'اعضاء_NOUN', 'حزب_NOUN', 'العداله_NOUN', 'التنميه_ADJ', 'الحاكم_ADJ', 'اوغور_X', 'يعلم_VERB', 'ان_SCONJ', 'تركيا_X', 'امس_ADV', 'سجلت_VERB', '216_NUM', 'حالة_NOUN', 'إصابة_NOUN', 'جديدة_ADJ', 'ب_ADP', 'فيروس_NOUN', 'كورونا_X']","['24_O', 'مليار_O', 'جرعة_O', 'شاورمه_O', 'اصلا_O', 'تركيا_S-LOC', 'تتوصل_O', 'الى_O', 'لقاح_O', 'تمنح_O', 'ترخيص_O', 'اى_O', 'شركه_O', 'لانتاح_O', 'اللقاح_O', 'اللقاح_O', 'المستورد_O', 'تم_O', 'استخدامه_O', 'لتلقيح_O', 'حاشيه_O', 'اردوغان_O', 'اعضاء_O', 'حزب_O', 'العداله_O', 'التنميه_O', 'الحاكم_O', 'اوغور_S-PER', 'يعلم_O', 'ان_O', 'تركيا_S-LOC', 'امس_O', 'سجلت_O', '216_O', 'حالة_O', 'إصابة_O', 'جديدة_O', 'بفيروس_O', 'كورونا_S-LOC']",health
جمال بلعمري يتبرع 500 مرخيات الأكسجين للمستشفيات والتي سيتم إرسالها يوم الجمعة جمال يعطيك الصحة كبير انت فخرنا ,AuFIN_105,1420863577200730117,"['جمال_X', 'بلعمري_X', 'يتبرع_VERB', '500_NUM', 'مرخيات_NOUN', 'الأكسجين_NOUN', 'ل_ADP', 'المستشفيات_NOUN', 'و_CCONJ', 'التي_DET', 'س_AUX', 'يتم_VERB', 'إرسال_NOUN', 'ها_PRON', 'يوم_NOUN', 'الجمعة_NOUN', 'جمال_X', 'يعطيك_VERB', 'الصحة_NOUN', 'كبير_ADJ', 'انت_PRON', 'فخرنا_X']","['جمال_B-PER', 'بلعمري_E-PER', 'يتبرع_O', '500_O', 'مرخيات_O', 'الأكسجين_S-MISC', 'للمستشفيات_O', 'والتي_O', 'سيتم_O', 'إرسالها_O', 'يوم_O', 'الجمعة_O', 'جمال_O', 'يعطيك_O', 'الصحة_O', 'كبير_O', 'انت_O', 'فخرنا_O']",health
السعودية اجلت 10 طلاب الصين طائرة تتسع ل500 راكب ولم تجلي معها 170 طالب يمني بينما تشارك ب100 طائرة حربيه لقصف اليمن حفظ الله سلطنة عمان لأرسالها طائرة للطلاب اليمنيين العالقين الصين ونعم الجار الصالح عمان⁦⁩,AuFIN_106,1225453717270532097,"['السعودية_NOUN', 'اجلت_VERB', '10_NUM', 'طلاب_NOUN', 'الصين_NOUN', 'طائرة_NOUN', 'تتسع_VERB', 'ل500_NUM', 'راكب_NOUN', 'و_CCONJ', 'لم_PART', 'تجلي_VERB', 'مع_ADP', 'ها_PRON', '170_NUM', 'طالب_NOUN', 'يمني_ADJ', 'بينما_CCONJ', 'تشارك_VERB', 'ب100_NUM', 'طائرة_NOUN', 'حربي_NOUN', 'ه_PRON', 'ل_ADP', 'قصف_NOUN', 'اليمن_NOUN', 'حفظ_X', 'الله_X', 'سلطنة_NOUN', 'عمان_NOUN', 'ل_ADP', 'أرسال_NOUN', 'ها_PRON', 'طائرة_NOUN', 'ل_ADP', 'الطلاب_NOUN', 'اليمنيين_ADJ', 'العالقين_ADJ', 'الصين_NOUN', 'و_CCONJ', 'نعم_PART', 'الجار_NOUN', 'الصالح_X', 'عمان\u2066_X', '\u2069_PUNCT']","['السعودية_S-LOC', 'اجلت_O', '10_O', 'طلاب_O', 'الصين_S-LOC', 'طائرة_O', 'تتسع_O', 'ل500_O', 'راكب_O', 'ولم_O', 'تجلي_O', 'معها_O', '170_O', 'طالب_O', 'يمني_O', 'بينما_O', 'تشارك_O', 'ب100_O', 'طائرة_O', 'حربيه_O', 'لقصف_O', 'اليمن_O', 'حفظ_O', 'الله_O', 'سلطنة_O', 'عمان_S-LOC', 'لأرسالها_O', 'طائرة_O', 'للطلاب_O', 'اليمنيين_O', 'العالقين_O', 'الصين_S-LOC', 'ونعم_O', 'الجار_O', 'الصالح_O', 'عمان\u2066_O', '\u2069_O']",health
ليبيا بلدية بني وليد تسجل 8 حالات جديدة مصابة بفيروس كورونا الساعة24,AuFIN_107,1283189827639418880,"['ليبيا_X', 'بلدية_NOUN', 'بني_X', 'وليد_X', 'تسجل_VERB', '8_NUM', 'حالات_NOUN', 'جديدة_ADJ', 'مصابة_ADJ', 'ب_ADP', 'فيروس_NOUN', 'كورونا_X', 'الساعة_NOUN', '24_NUM']","['ليبيا_S-LOC', 'بلدية_B-LOC', 'بني_I-LOC', 'وليد_E-LOC', 'تسجل_O', '8_O', 'حالات_O', 'جديدة_O', 'مصابة_O', 'بفيروس_O', 'كورونا_O', 'الساعة_O', '24_O']",health
مصر ترسل 10 شاحنات محملة بمواد طبية عاجلة لقطاع غزة,AuFIN_108,1298733274211266561,"['مصر_NOUN', 'ترسل_VERB', '10_NUM', 'شاحنات_NOUN', 'محملة_ADJ', 'ب_ADP', 'مواد_NOUN', 'طبية_ADJ', 'عاجلة_ADJ', 'ل_ADP', 'قطاع_NOUN', 'غزة_NOUN']","['مصر_S-LOC', 'ترسل_O', '10_O', 'شاحنات_O', 'محملة_O', 'بمواد_O', 'طبية_O', 'عاجلة_O', 'لقطاع_O', 'غزة_S-LOC']",health
الاتحادالرايدلدوري عاجل توقف إعطاء لقاح كورونا بشكل عاجل المملكة العربية السعودية حول قوة الال بالله وفاة أشخاص اللقاح,AuFIN_109,1341109399008456711,"['الاتحادالرايدلدوري_X', 'عاجل_ADJ', 'توقف_VERB', 'إعطاء_NOUN', 'ل_ADP', 'قاح_NOUN', 'كورونا_X', 'ب_ADP', 'شكل_NOUN', 'عاجل_ADJ', 'المملكة_NOUN', 'العربية_ADJ', 'السعودية_ADJ', 'حول_ADP', 'قوة_NOUN', 'الال_X', 'ب_ADP', 'اللٰه_NOUN', 'وفاة_NOUN', 'أشخاص_NOUN', 'اللقاح_NOUN']","['الاتحادالرايدلدوري_S-LOC', 'عاجل_O', 'توقف_O', 'إعطاء_O', 'لقاح_O', 'كورونا_S-ORG', 'بشكل_O', 'عاجل_O', 'المملكة_B-LOC', 'العربية_E-LOC', 'السعودية_S-LOC', 'حول_O', 'قوة_O', 'الال_B-PER', 'بالله_E-PER', 'وفاة_O', 'أشخاص_O', 'اللقاح_O']",health
أنباء تتحدث إصابة محمد بن زايد بفيروس كورونا التفاصيل,AuFIN_110,1235188691926233088,"['أنباء_NOUN', 'تتحدث_VERB', 'إصابة_NOUN', 'محمد_X', 'بن_PROPN', 'زايد_X', 'ب_ADP', 'فيروس_NOUN', 'كورونا_X', 'التفاصيل_NOUN']","['أنباء_O', 'تتحدث_O', 'إصابة_O', 'محمد_B-PER', 'بن_I-PER', 'زايد_E-PER', 'بفيروس_O', 'كورونا_S-LOC', 'التفاصيل_O']",health
انسحاب الجزائرية صبرينةلطرش البطولة العالمية للشطرنج أوقعتها قرعة لاعبة صهيونية شكرا انقذواحيالشيخالجراح انقذواسلوان,AuFIN_111,1397626394352439305,"['انسحاب_NOUN', 'الجزائرية_ADJ', 'صبرينة_X', 'لطرش_X', 'البطولة_NOUN', 'العالمية_ADJ', 'ل_ADP', 'الشطرنج_NOUN', 'أوقعت_VERB', 'ها_PRON', 'قرعة_NOUN', 'لاعبة_NOUN', 'صهيونية_ADJ', 'شكرا_NOUN', 'انقذواحيالشيخالجراح_X', 'انقذواسلوان_X']","['انسحاب_O', 'الجزائرية_O', 'صبرينة_O', 'لطرش_O', 'البطولة_O', 'العالمية_O', 'للشطرنج_O', 'أوقعتها_O', 'قرعة_O', 'لاعبة_O', 'صهيونية_O', 'شكرا_O', 'انقذواحيالشيخالجراح_O', 'انقذواسلوان_O']",sports
كاتانيتش يستبعد أمجد عطوان قائمة المنتخب العراقي بشكل رسمي خلفية أحداث مباراة الشرطة والديوانية,AuFIN_112,1372195579275657222,"['كاتانيتش_X', 'يستبعد_VERB', 'أمجد_X', 'عطوان_X', 'قائمة_NOUN', 'المنتخب_NOUN', 'العراقي_ADJ', 'ب_ADP', 'شكل_NOUN', 'رسمي_ADJ', 'خلفية_NOUN', 'أحداث_NOUN', 'مباراة_NOUN', 'الشرطة_NOUN', 'والديوانية_ADJ']","['كاتانيتش_S-PER', 'يستبعد_O', 'أمجد_O', 'عطوان_O', 'قائمة_O', 'المنتخب_B-ORG', 'العراقي_E-ORG', 'بشكل_O', 'رسمي_O', 'خلفية_O', 'أحداث_O', 'مباراة_O', 'الشرطة_O', 'والديوانية_O']",sports
إصابة محمود الخطيب بفيروس كورونا اداره الاهلي زالت مصره علي اسكتمال الدوري ام انها ستغير رأيها اصابه الخطيب اقتنعتم ان الخطر سيطال الجميع ام منح الاهلي بطوله العام اهم سلامه البشر,AuFIN_113,1275844988820164609,"['إصابة_NOUN', 'محمود_X', 'الخطيب_X', 'ب_ADP', 'فيروس_NOUN', 'كورونا_X', 'أدار_NOUN', 'ه_PRON', 'الاهلي_X', 'زالت_VERB', 'مصر_NOUN', 'ه_PRON', 'علي_ADP', 'اسكتمال_NOUN', 'الدوري_NOUN', 'ام_CCONJ', 'أن_SCONJ', 'ها_PRON', 'س_AUX', 'تغير_VERB', 'رأي_NOUN', 'ها_PRON', 'أصاب_VERB', 'ه_PRON', 'الخطيب_X', 'اقتنعتم_VERB', 'ان_SCONJ', 'الخطر_NOUN', 'س_AUX', 'يطال_VERB', 'الجميع_NOUN', 'ام_CCONJ', 'منح_NOUN', 'الاهلي_X', 'بطول_NOUN', 'ه_PRON', 'العام_ADJ', 'اهم_X', 'سلام_NOUN', 'ه_PRON', 'البشر_NOUN']","['إصابة_O', 'محمود_B-PER', 'الخطيب_E-PER', 'بفيروس_O', 'كورونا_S-LOC', 'اداره_O', 'الاهلي_O', 'زالت_O', 'مصره_O', 'علي_O', 'اسكتمال_O', 'الدوري_O', 'ام_O', 'انها_O', 'ستغير_O', 'رأيها_O', 'اصابه_O', 'الخطيب_O', 'اقتنعتم_O', 'ان_O', 'الخطر_O', 'سيطال_O', 'الجميع_O', 'ام_O', 'منح_O', 'الاهلي_O', 'بطوله_O', 'العام_O', 'اهم_O', 'سلامه_O', 'البشر_O']",sports
الحكومه اليابانيه تتجه إلغاء أولمبياد طوكيو نهائيا ,AuFIN_114,1352592455363944450,"['الحكومه_NOUN', 'اليابانيه_ADJ', 'تتجه_VERB', 'إلغاء_NOUN', 'أولمبياد_NOUN', 'طوكيو_X', 'نهائيا_ADJ']","['الحكومه_O', 'اليابانيه_O', 'تتجه_O', 'إلغاء_O', 'أولمبياد_O', 'طوكيو_S-LOC', 'نهائيا_O']",sports
عبد الشفيع الجويفي وزير الرياضة جهزنا ملف كامل لأستضافة كأس العالم 2030 ليبيا كأس العالم تبوهم يلعبوه الشماعي وإلا ضي التلفونات والا علي صلوعتك أخرونق السؤال إللي أمحيرني مانوع الصنف تشربونه,AuFIN_115,1431658799761436683,"['عبد_X', 'الشفيع_X', 'الجويفي_X', 'وزير_NOUN', 'الرياضة_NOUN', 'جهزنا_X', 'ملف_NOUN', 'كامل_ADJ', 'ل_ADP', 'أستضافة_NOUN', 'كأس_NOUN', 'العالم_NOUN', '2030_NUM', 'ليبيا_X', 'كأس_NOUN', 'العالم_NOUN', 'تبو_VERB', 'هم_PRON', 'يلعبوه_VERB', 'الشماعي_ADJ', 'و_CCONJ', 'إلا_PART', 'ضي_X', 'التلفونات_NOUN', 'و_CCONJ', 'إلا_PART', 'علي_ADP', 'صلوعة_NOUN', 'ك_PRON', 'أخرونق_X', 'السؤال_NOUN', 'إللي_X', 'أمحيرني_X', 'مانوع_X', 'الصنف_NOUN', 'تشربونه_X']","['عبد_B-PER', 'الشفيع_I-PER', 'الجويفي_E-PER', 'وزير_O', 'الرياضة_O', 'جهزنا_O', 'ملف_O', 'كامل_O', 'لأستضافة_O', 'كأس_O', 'العالم_O', '2030_O', 'ليبيا_S-LOC', 'كأس_O', 'العالم_O', 'تبوهم_O', 'يلعبوه_O', 'الشماعي_O', 'وإلا_O', 'ضي_O', 'التلفونات_O', 'والا_O', 'علي_O', 'صلوعتك_O', 'أخرونق_O', 'السؤال_O', 'إللي_O', 'أمحيرني_O', 'مانوع_O', 'الصنف_O', 'تشربونه_O']",sports
هام منتخب الوطني الجزائر يعتذر المشاركة بطولة كأسالعرب لكرة القدم ستستضيفها قطر خلال الفترة 1 18 2021 بينما بقية ال21 منتخبا الآخرين أكدوا مشاركتهم البطولة ,AuFIN_116,1384121880106323970,"['هام_ADJ', 'منتخب_NOUN', 'الوطني_ADJ', 'الجزائر_NOUN', 'يعتذر_VERB', 'المشاركة_NOUN', 'ب_ADP', 'طولة_NOUN', 'ك_PRON', 'أسالعرب_X', 'ل_ADP', 'كرة_NOUN', 'القدم_NOUN', 'س_AUX', 'تستضيف_VERB', 'ها_PRON', 'قطر_NOUN', 'خلال_ADP', 'الفترة_NOUN', '1_NUM', '18_NUM', '2021_NUM', 'بينما_CCONJ', 'بقية_NOUN', 'ال_PART', '21_NUM', 'منتخبا_NOUN', 'الآخرين_ADJ', 'أكدوا_VERB', 'مشاركة_NOUN', 'هم_PRON', 'البطولة_NOUN']","['هام_O', 'منتخب_B-ORG', 'الوطني_E-ORG', 'الجزائر_S-LOC', 'يعتذر_O', 'المشاركة_O', 'بطولة_O', 'كأسالعرب_O', 'لكرة_O', 'القدم_O', 'ستستضيفها_O', 'قطر_S-LOC', 'خلال_O', 'الفترة_O', '1_O', '18_O', '2021_O', 'بينما_O', 'بقية_O', 'ال_O', '21_O', 'منتخبا_O', 'الآخرين_O', 'أكدوا_O', 'مشاركتهم_O', 'البطولة_O']",sports
وفاة المستشار احمد البكرى رئيس اللجنه المؤقته لنادى الزمالك متاثرا باصابته بكورونا فى مستشفى العجوزه ربنا يرحمه ويصبر اهله يارب  ,AuFIN_117,1340691228724236289,"['و_CCONJ', 'فاة_VERB', 'المستشار_NOUN', 'احمد_X', 'البكرى_X', 'رئيس_NOUN', 'اللجنه_NOUN', 'المؤقت_ADJ', 'ه_PRON', 'ل_ADP', 'نادى_NOUN', 'الزمالك_X', 'متاثرا_ADJ', 'ب_ADP', 'إصابة_NOUN', 'ه_PRON', 'ب_ADP', 'كوروانا_NOUN', 'فى_ADP', 'مستشفى_NOUN', 'العجوزه_X', 'ربنا_X', 'يرحم_VERB', 'ه_PRON', 'و_CCONJ', 'يصبر_VERB', 'أهل_NOUN', 'ه_PRON', 'يارب_X']","['وفاة_O', 'المستشار_O', 'احمد_B-PER', 'البكرى_E-PER', 'رئيس_O', 'اللجنه_O', 'المؤقته_O', 'لنادى_B-ORG', 'الزمالك_E-ORG', 'متاثرا_O', 'باصابته_O', 'بكورونا_O', 'فى_O', 'مستشفى_O', 'العجوزه_O', 'ربنا_O', 'يرحمه_O', 'ويصبر_O', 'اهله_O', 'يارب_O']",sports
فيديو اول تاريخ الاندية الفرنسية نجد جماهير ضخمة استقبال ميسي اليوم باريسسانجيرمان قطرتنتفض المرههلقطرقبلالحكومه الاقدارالحلوه,AuFIN_118,1425132064450531328,"['فيديو_NOUN', 'اول_ADJ', 'تاريخ_NOUN', 'الاندية_NOUN', 'الفرنسية_ADJ', 'نجد_X', 'جماهير_NOUN', 'ضخمة_ADJ', 'استقبال_NOUN', 'ميسي_X', 'اليوم_NOUN', 'باريسسانجيرمان_X', 'قطرتنتفض_X', 'المرههل_X', 'ققرق_X', 'قن_X', 'هال_NOUN', 'ها_PRON', 'الاقدارالحلوه_NOUN']","['فيديو_O', 'اول_O', 'تاريخ_O', 'الاندية_O', 'الفرنسية_O', 'نجد_O', 'جماهير_O', 'ضخمة_O', 'استقبال_O', 'ميسي_O', 'اليوم_O', 'باريسسانجيرمان_S-PER', 'قطرتنتفض_O', 'المرههلقطرقبلالحكومه_O', 'الاقدارالحلوه_O']",sports
شوبير يعترف ان ادارة الأهلي ضغطت الكاف واجبرته لتغيير طاقم التحكيم الغامبي لطاقم تحكيم مغربي,AuFIN_119,1221841304512057344,"['شوبير_X', 'يعترف_VERB', 'ان_SCONJ', 'ادارة_NOUN', 'الأهلي_NOUN', 'ضغطت_VERB', 'الكاف_X', 'و_CCONJ', 'أجبرت_VERB', 'ه_PRON', 'ل_ADP', 'تغيير_NOUN', 'طاقم_NOUN', 'التحكيم_NOUN', 'الغامبي_ADJ', 'ل_ADP', 'طاقم_NOUN', 'تحكيم_NOUN', 'مغربي_ADJ']","['شوبير_S-PER', 'يعترف_O', 'ان_O', 'ادارة_O', 'الأهلي_O', 'ضغطت_O', 'الكاف_O', 'واجبرته_O', 'لتغيير_O', 'طاقم_O', 'التحكيم_O', 'الغامبي_O', 'لطاقم_O', 'تحكيم_O', 'مغربي_O']",sports
عاجل النايل سات ١٣٠ مليون مشاهد قنوات برنامج الحكايه لظهور شيكابالا ,AuFIN_120,1434275913152217089,"['عاجل_ADJ', 'النايل_NOUN', 'سات_NOUN', '١٣٠_NUM', 'مليون_NUM', 'مشاهد_NOUN', 'قنوات_NOUN', 'برنامج_NOUN', 'الحكايه_NOUN', 'ل_ADP', 'ظهور_NOUN', 'شيكابالا_X']","['عاجل_O', 'النايل_O', 'سات_O', '١٣٠_O', 'مليون_O', 'مشاهد_O', 'قنوات_O', 'برنامج_O', 'الحكايه_O', 'لظهور_O', 'شيكابالا_S-LOC']",sports
